No_Exercise,Few_Fruit_Veg,Obesity,High_Blood_Pres,Smoker,Diabetes,ALE
26.9,80.4,25.2,28.6,24.6,8.5,75.8
23,78.2,20.5,25.8,22.1,6.6,76.5
27.9,78.9,24.5,32.5,24.7,8.9,76.5
28.2,75.6,23.9,27.8,20.7,8.5,74.6
23.4,74.5,22.5,32.7,28.9,6.7,75.2
NA,NA,NA,NA,NA,NA,73.2
NA,NA,NA,NA,15.2,12.8,73.5
24.2,NA,29.1,NA,16.5,11.3,73.7
35.2,NA,NA,NA,22.1,8.1,74.9
32.8,NA,28.9,NA,22,9.7,72.1
28.2,79.7,27.6,39,28.5,13,74.9
18.9,78.3,20.8,26.7,21,4.8,76.8
NA,NA,NA,NA,NA,11.8,73.5
NA,NA,NA,NA,NA,NA,71.9
22.2,68.1,21.3,26.7,20.4,7.8,72
34.1,79.1,32.7,42.2,24.1,10.9,73.3
32.1,79.3,23.2,NA,29.4,5.6,73.9
27.1,79,25.3,29.7,23.8,7.9,75
34.9,79.3,30.5,35,33.8,11.5,72.2
NA,NA,NA,NA,NA,10.5,74.6
NA,NA,NA,NA,NA,7.6,71.7
NA,NA,28,NA,26.9,8.5,73.5
24.5,NA,22,NA,27.3,9.5,73
29.2,81.9,27,33.2,25.5,11.2,73.1
34.7,84.6,NA,NA,11.7,17.1,73.8
NA,NA,NA,NA,23.6,13.3,75.3
27.8,78.6,24.5,29.1,26.6,14.2,74.9
24.9,76.3,23.1,34.8,23.6,8.1,76.7
24.2,72,19,28.4,22.5,8.5,77.2
32.9,75.2,27.9,29.2,22.2,9.2,76.5
29.6,80.9,30.5,32.4,27,11.6,73.7
22.2,76.4,16.8,27.3,20.1,6.4,78
25,76.2,23,34.7,28.3,10.4,76.8
24.6,75.6,19.3,24.6,27.3,4.8,76.4
21.6,72.7,18,28.5,20,6.4,79.6
19.4,78.9,16.3,24.8,23.3,6.3,78
22.9,86.4,32.6,NA,14.4,12.9,78.3
25.8,70.3,18.8,24.8,18.4,7.1,78.3
37.6,80.9,31.8,NA,29.9,7.2,74.2
33.2,NA,30.8,NA,NA,13.5,73.8
NA,NA,21.2,NA,NA,4.4,70.2
27.2,75.3,21.9,31,29.1,9.2,77
21.2,86,23,23,NA,6.7,76.8
28.9,74.8,19.5,32.2,25.2,8.8,75.7
35.4,80.2,32.7,NA,20,13.4,74.8
NA,NA,17,NA,NA,4.8,74.5
22.9,73.2,23.1,37.6,19.9,9.1,79.5
28.7,71.9,17.6,38.9,21.8,11.6,76.7
21.4,75.6,20.6,21.8,28.9,7.9,75.9
23.3,73.7,17.5,23.1,22,7.1,76.4
30.3,82.8,31.2,26.5,30,6,74.1
21.3,73.4,19.8,29,17.6,8.4,81
30.4,NA,24.8,NA,26.3,10.4,73.8
NA,78.5,23.9,NA,26,11.3,77.6
NA,NA,25.3,NA,NA,7.4,74.2
24.2,77.6,24.4,29.4,21,6.5,74.5
27.9,72.7,27,33.3,26.5,8.4,75.2
21.8,65.6,14.1,34.3,19.5,9.7,78.4
NA,NA,11.9,NA,NA,2.7,74.5
NA,NA,29.4,NA,21.4,16.6,72.9
37.1,81.3,34.4,NA,33.9,10.3,70.2
NA,NA,NA,NA,17.1,13.5,74.6
25.3,NA,NA,NA,NA,8.9,74.8
NA,96.4,NA,NA,NA,6.9,76
NA,NA,NA,NA,23.5,10.1,74.5
NA,NA,NA,NA,NA,NA,74.6
NA,NA,NA,NA,18.2,NA,77.6
NA,NA,NA,NA,23.5,7.6,76
29.9,71.5,21.5,26.3,24.3,10.3,77.1
28.2,72.4,20.7,42.7,21,9.6,78
25.5,77.1,21.9,22.8,24.1,8,76
31.1,NA,NA,NA,NA,13.1,74.8
23.7,76.6,20.5,22.4,24.7,6.9,75.3
31.5,NA,NA,NA,NA,15.8,74
19.7,71.1,19,28,22.3,7.4,79.3
34.2,NA,24.3,NA,23.5,6.8,74.8
16.4,NA,18.4,NA,16.3,6.3,73.8
NA,NA,NA,NA,NA,NA,74.2
23,72.2,21.4,34.4,24.4,7.8,77.7
27.4,75.8,18.7,30.9,26.6,9.8,78.9
20.6,77.4,16.2,19.6,20.1,4.6,76.8
28.9,80.5,28.8,NA,23.7,6.8,74.8
NA,NA,NA,NA,NA,7.3,76.8
NA,83.3,NA,NA,NA,17.2,74.6
32.2,84.3,25.9,NA,21.8,8.1,74.2
NA,NA,NA,NA,23.9,12.2,74.9
26.9,69.7,18.4,31.1,21.5,8.2,78.2
26.1,76.1,23.7,35,25.2,9.4,76.7
24.2,74.5,13.9,26.4,22.1,6.4,79.6
34.6,79,19,24.2,17.6,8.1,77.6
21.2,73.1,20,26.3,26.4,7.2,77.5
24.5,73.7,28.2,NA,24.2,9.8,75.5
19.3,73.3,20.7,28.5,22,7.6,76.6
39.6,79.9,28.2,NA,NA,8.5,74.6
25.9,78.3,19.5,23.6,19.8,7.2,76.9
29,77.6,22.2,19.7,23,7.3,76.8
23.4,69.9,18.3,27.8,20.1,7.8,79.1
23.7,76.4,20.3,31.5,27.8,8.8,77.9
NA,NA,NA,NA,NA,10.5,75.3
NA,NA,NA,NA,NA,NA,73.1
32.1,80.4,26.8,21.3,25.6,11.5,75.8
35.3,82.6,28.5,NA,28.1,7.8,73.8
NA,82.6,NA,NA,23.5,12.9,72.2
NA,89.1,NA,NA,NA,NA,73.5
28.6,76.3,29.7,NA,31.1,8,75.9
16.4,64.4,19.3,NA,14.5,6.2,78.9
30.1,79.2,30.3,34.4,22.6,11.1,74.6
16.3,73.3,16.2,20.3,17.6,3.7,77.5
29.5,85.4,20.2,NA,24.2,7.1,75.3
NA,NA,NA,NA,NA,9.3,75.3
21,74,21.3,22.5,16.8,5,74.1
33.4,83.6,16.1,NA,31.2,8.7,75.9
NA,NA,NA,NA,NA,NA,73.4
24.2,73.4,27.8,23.4,23.5,11,75.4
25.3,83.4,24,NA,28.9,4.7,74.3
34,82.1,28.3,NA,27.5,9.6,72.9
NA,NA,NA,NA,14.6,8.8,75.5
22.7,76.3,19.2,20.2,19.8,5.5,78.3
31.2,74.5,20.8,26.6,25,6.5,76.4
28.2,75.7,24.8,27.4,20.9,7.9,76
30.6,78.3,25.1,29.9,32.7,8.9,75.3
NA,NA,NA,NA,NA,NA,73.4
30.7,NA,23.1,NA,NA,17.1,73.3
24.5,88.7,15.7,NA,18.3,7,73.8
24.1,NA,21.8,NA,29.2,10.6,75.3
NA,NA,NA,NA,NA,NA,74.3
19.5,79.1,25.8,20.4,21.6,7.5,76
21.7,81.2,24,33.3,25,9.7,75.7
NA,NA,NA,NA,NA,9.9,73
28.7,80.1,22.1,27.3,21.7,7.3,74
NA,NA,NA,NA,NA,NA,74.6
26,79.5,30.8,27.7,29.3,10.2,74.1
NA,86.4,NA,NA,NA,11.7,72.9
NA,87.5,NA,NA,12.8,8.8,73.4
NA,NA,NA,NA,13.1,11,72.8
NA,NA,NA,NA,16.5,10.2,74
NA,NA,NA,NA,NA,7.8,75.8
NA,NA,NA,NA,NA,NA,74.7
NA,NA,NA,NA,NA,NA,73.1
31.3,82.5,28.8,32.4,22.3,8.4,74.5
18.3,82.3,19.1,17.9,22.2,6.4,74.8
24.8,77.3,26.3,19.7,36.9,4.2,74.1
26.4,NA,31.5,NA,23.3,10.9,73
NA,NA,NA,NA,NA,4.7,73.8
NA,NA,NA,NA,NA,7.4,73.5
27.7,76.6,24,33,24.1,9.6,74.4
22.4,NA,21.4,NA,27.6,7.4,76.2
NA,NA,24.2,NA,19,12.9,72.3
28.8,NA,NA,NA,23.2,9.8,73.5
NA,NA,NA,NA,NA,NA,73.2
32.9,83.6,22,NA,27.4,7.9,75
NA,NA,NA,NA,NA,NA,73.8
NA,NA,NA,NA,NA,9.3,73.4
32,90.9,26.1,NA,NA,7.1,73.1
NA,83.2,26.9,NA,NA,9.2,72.9
23.3,NA,25.5,31.3,23,10.3,75.9
NA,NA,NA,NA,NA,6.6,75.1
36.1,82.2,27.2,NA,17.1,12.4,72.9
NA,NA,NA,NA,NA,3.7,73.3
NA,85.2,NA,NA,11.7,11,74
NA,NA,NA,NA,19.9,3.7,77.1
41.8,NA,30.3,NA,32.3,9.6,74.4
25.3,78.2,25.1,32.2,22.1,6.7,73.8
28.6,77.5,29.5,NA,30.9,6.1,74.9
24.8,75.4,15.6,18,16.5,5.3,77.1
29,76.3,23.9,28.8,25,10.6,72.7
NA,NA,NA,NA,21.2,14,75.5
28.7,78.3,23.1,22.1,27.6,6.6,75.9
NA,90.2,NA,NA,20.2,12.6,72.8
19.8,NA,22.4,NA,24.3,8.2,76.4
24.8,NA,NA,NA,32.1,5.4,73.3
NA,NA,NA,NA,NA,NA,74.7
30.3,NA,17.9,NA,25.8,10.6,73.3
23,NA,27.7,NA,17.8,7.3,74.5
NA,NA,NA,NA,NA,9.3,74.6
NA,NA,NA,NA,NA,NA,72.3
25.4,80.9,29.7,NA,22.8,10.2,74.5
NA,NA,19.8,NA,NA,7.7,76.9
NA,NA,NA,NA,NA,NA,72.3
30.6,77.8,27.7,28.7,27.3,9.3,72.7
21.5,73,22.9,NA,17.1,11.6,76.4
NA,NA,NA,NA,NA,NA,73.8
NA,NA,NA,NA,13.7,12.7,72.8
NA,NA,NA,NA,NA,8.7,73.6
NA,NA,NA,NA,26.7,4.5,73.5
33.9,NA,26.9,NA,24.8,15.1,74.3
NA,NA,NA,NA,NA,NA,72.3
33.9,NA,26.5,NA,23.3,4.5,73.3
29.2,81,25.6,NA,25.8,9.3,74.1
NA,NA,NA,NA,NA,NA,72.9
NA,NA,NA,NA,NA,NA,73.4
32.6,NA,27.2,NA,23.6,10.9,73.5
NA,NA,NA,NA,NA,NA,72.9
52.4,NA,26.1,NA,22.3,12,72.8
NA,NA,NA,NA,NA,NA,73.8
37.3,78.4,27.9,NA,22.3,10.1,73
33.3,79.8,30.3,28.8,17.5,9.7,74.7
28,83.1,24.8,NA,29.6,13.4,72.7
NA,NA,NA,NA,20.7,10.4,73
NA,NA,NA,NA,NA,4.7,76.9
27.8,NA,NA,NA,18.9,11.2,74
27.1,78.8,23.2,NA,23.2,9.9,72.5
NA,NA,NA,NA,NA,NA,73.8
NA,NA,NA,NA,NA,NA,73.9
19.4,NA,26.5,NA,15.5,8.9,76.9
NA,92.1,NA,NA,NA,NA,73.5
30.6,83.1,26,28.1,30.5,8.2,74.1
26.4,76.8,27,26.1,25.9,6,75.9
36.2,71.1,33.7,34.9,25.4,13.1,73.8
24.8,79.3,21.5,15.7,29.9,4.7,75.8
NA,NA,NA,NA,NA,NA,73.4
NA,NA,NA,NA,NA,12.8,73.4
31.9,87.5,28.8,NA,27.5,7.5,74.1
NA,NA,NA,NA,NA,NA,73.8
NA,81.4,27.8,NA,19.7,8.9,72.9
27.5,NA,15.6,NA,23.3,6.7,76.2
32.8,77.3,24.6,28.3,32,8,75.3
NA,89.1,NA,NA,NA,11.2,72.5
NA,NA,NA,NA,NA,9.2,72.3
NA,NA,NA,NA,NA,5.1,73.9
24.9,80.2,26.4,27.8,22.3,7.9,75.7
34.2,84.3,32.9,NA,26.1,16.8,73.8
40.8,77.3,38.6,NA,21.4,11.1,72.8
NA,NA,NA,NA,NA,3.9,73.3
NA,NA,NA,NA,NA,NA,72.3
17.5,77.3,29.4,21.3,27.2,5.9,76.7
NA,NA,NA,NA,NA,8.1,73.1
30.2,76.9,30.1,NA,21.7,13.6,75.3
NA,NA,NA,NA,NA,10.5,72.2
24.7,80.5,29.8,NA,19.2,6.4,74.3
32.8,81.9,27.6,NA,28.9,11.2,76.8
NA,NA,NA,NA,NA,6.7,73.3
26.2,75.6,21.3,26.1,20.9,9.2,75.1
NA,NA,NA,NA,NA,1.9,73.8
29.5,NA,24.2,NA,NA,10.3,74.3
19,76.6,19.5,21.1,21,6.9,76.7
23.8,73.5,25,24.1,16.7,6.6,76
NA,NA,NA,NA,NA,6.9,72.9
NA,NA,NA,NA,12.3,8.2,73
NA,NA,NA,NA,NA,NA,72.3
26.8,82.1,26,27,23.6,5.8,74.8
NA,NA,NA,NA,NA,15.5,73.1
17.2,73.9,19.5,23.6,16.5,5.8,77.4
41.1,84.1,35.2,35.6,27.1,9.6,74.1
31.1,NA,29.2,28,32.3,9.1,73.4
20.7,77.3,20.6,21.1,19.7,5.7,77.8
NA,NA,30.8,NA,21.5,10.7,73
28,74.3,24.7,23.9,18.9,8,75.8
NA,NA,NA,NA,NA,5.7,72.9
NA,NA,NA,NA,NA,NA,75.1
NA,NA,NA,NA,NA,15,74.9
NA,83.6,NA,NA,18.3,10.3,72.5
NA,NA,NA,NA,NA,8.8,74.1
NA,NA,20.9,NA,NA,8.2,76.4
26.4,74.2,24.5,NA,19.7,6.1,73.6
22.7,72.8,21.7,22.4,16.4,5.3,76.9
33.4,82.8,30.1,31.6,23.9,13,72.8
NA,NA,18.8,NA,NA,3.1,73.2
34.4,81.4,26.6,32.3,24.1,9.7,74.8
23.8,85.6,24.8,17.9,20.2,7.3,75.7
NA,NA,NA,NA,NA,10.3,75.1
19.6,76.9,28.2,NA,17.8,10.9,73.9
28.8,NA,30.2,NA,27.8,12.1,74.7
27.2,76.2,23.6,30.5,24.6,7.2,76.6
NA,NA,NA,NA,NA,NA,73.7
29.4,76.2,22.2,35,27.6,10,75.3
30.4,79.5,25,NA,29.3,12.1,75.5
31.5,85.9,36.6,NA,20.4,11.5,72.1
37,80.7,24.3,35.3,19.1,7.8,75.1
27.7,85,24.8,23,22.6,5.5,75.2
20.2,75.9,19.6,23.9,21.1,6.8,77.3
34.3,87.1,33.7,NA,26.1,11.4,73.2
19,77.1,17.8,23.9,18,6.9,80.5
34.1,81.4,27.1,38.2,31.5,10.2,73.5
NA,NA,NA,NA,NA,NA,80.4
NA,NA,32.7,NA,21.2,12.7,73.9
17.3,77,17.4,26.2,20.7,7,79.7
28.9,85.5,NA,NA,NA,7.2,73.6
19.9,75,17.7,21.4,20.8,5.9,80.4
NA,NA,25.6,NA,17.7,6.6,74.5
22.9,78.4,25.8,23.1,16.6,8.2,77.2
11.2,69.3,9.7,20.3,13.9,1.9,80.8
20.9,NA,17.1,NA,19.1,5.5,80.8
20.2,76.6,19.1,28.8,22.2,5.6,77.3
18.4,81.1,21.1,21.4,15.5,7.1,77.6
15.5,77,18.5,21.6,18.1,5.1,79.2
NA,NA,34.5,NA,NA,9.4,74.7
21.2,76.8,20,18.3,22.4,4.9,77.3
26.7,NA,24.2,NA,25.6,10.3,76.8
NA,NA,NA,NA,NA,NA,80.8
22.7,80.3,23.9,21.6,20,7.5,77.6
24.5,78.5,22.5,22,17.8,9.7,77
24.6,76,21.5,21.1,17.5,6.6,76.6
NA,NA,NA,NA,NA,NA,76.8
21.3,77.4,22.5,35.3,24.2,8.5,79.1
17.6,73.8,24.6,NA,21.2,5.9,80.8
21.8,81.1,26.7,29.1,23.9,4.5,77.3
22.8,79.6,24.2,NA,16.6,5.1,77.3
NA,NA,NA,NA,NA,7.1,72.7
19.8,82.8,17.7,18.3,9.2,5.3,77.8
24.1,81.9,19.8,29.6,16.7,7.7,77.6
23.4,77.4,26,30,25.2,8.6,77.3
29.7,82.1,26,31.9,22.5,8.6,77.9
26.3,75.8,20.1,28.9,18.2,4.9,76.8
24,80.8,25,24.1,10.8,7.5,77.6
27.3,78.4,22.3,23.3,25.1,7.7,77.9
18.1,79,20.9,22.8,20.9,6.2,78.4
13.5,77.6,16.5,19.6,14.3,4,79.1
20.8,73.5,22.6,23.8,25.2,6.5,76.8
17.5,80,23.7,22.1,18,7,77
NA,NA,NA,NA,NA,5.2,72.7
30,73.3,27,NA,NA,6.6,76.8
26.5,NA,19.5,NA,21.4,6.9,77.9
16.1,78.8,19.3,13.3,3.6,3.2,79.5
26.6,79.7,25.9,25.1,16.9,5.3,76.6
21.3,78.2,24.6,28.7,22.9,7.2,77.9
29.2,87.3,23.8,NA,16.6,7.1,77.8
34.1,84.9,29.4,33.2,26.6,3.9,77.3
23.7,78.3,26.7,34.5,23,8.2,77.3
26.3,74.7,28.7,25.6,17.3,5.7,77.8
24.3,81.2,26,37.4,24.3,7.8,74.9
26,79.3,24.7,27.8,18.2,7.1,77.8
NA,NA,NA,NA,NA,8,74.5
10.2,74.4,17.8,16.5,12.1,5.3,77.6
24.2,77.1,21.8,27.5,22.9,5.7,77.6
22.3,79.1,16.9,NA,20.5,4.6,77.3
27.7,75.7,29,28.5,22,8.4,77.3
24.8,81.6,28.3,30.7,27.8,6,74.9
32.9,77.7,29.5,34,25,8.8,75.7
NA,NA,NA,NA,NA,NA,76
24.1,NA,18.3,NA,23.4,8.3,75.8
28.2,NA,28.2,NA,30.1,6.1,77.9
NA,NA,NA,NA,NA,9.5,76.8
18.6,NA,26.6,NA,19.9,5.1,78.8
21.1,73,21.3,19.1,22.3,4.9,78
19.4,79.2,20.9,19,19.4,6.1,78.6
25.7,75.3,23.7,24.2,29.2,8.4,76.5
20.3,NA,29.7,NA,26.4,7.6,76.6
24.3,77.8,28,23.6,24.7,7.1,75.7
24.1,81,22,20,NA,8.4,78
26.7,NA,28.3,NA,28.4,8.9,75.7
NA,NA,14.9,NA,NA,2.2,78
NA,NA,NA,NA,NA,9.4,76.7
NA,NA,13,NA,NA,6.1,74.9
NA,NA,NA,NA,NA,NA,76.7
NA,NA,NA,NA,NA,10.7,77.5
15.3,NA,19,NA,19,4.6,78.5
NA,NA,NA,NA,20,8.3,76.5
28.6,86.5,26.7,NA,30.1,5.8,76.6
NA,NA,NA,NA,NA,8.5,77.1
NA,NA,NA,NA,NA,NA,76.5
20,80.6,27.2,24.1,23.4,7.9,78
28.7,84.8,24.1,23.5,24.1,7.4,77.2
NA,NA,NA,NA,NA,12.6,76.6
NA,NA,11.5,NA,NA,6.8,77.7
NA,NA,NA,NA,18.6,9.8,77.3
NA,NA,NA,NA,NA,NA,74.9
NA,NA,NA,NA,NA,NA,75.5
NA,NA,NA,NA,NA,NA,78
24.9,NA,18.2,NA,17.1,4.1,76.1
NA,NA,NA,NA,NA,8.8,76.8
NA,NA,14.3,NA,NA,3.1,78.2
24.3,76.1,26.1,27.9,25.5,8.5,77.3
30.9,81,29.7,31.6,22.7,9.2,74.6
NA,NA,NA,NA,NA,8,74.5
25.5,73.4,24,27.9,19.8,11,76.8
NA,NA,NA,NA,NA,NA,78.8
NA,NA,NA,NA,NA,NA,77.3
NA,NA,NA,NA,NA,4.3,78
NA,NA,NA,NA,NA,NA,78
18.3,82.5,22,24.9,12.7,8.7,78.1
23.4,82.3,21.3,23.6,28.2,6.1,78
NA,NA,15.7,NA,NA,6.3,76.7
NA,NA,NA,NA,NA,10,74.6
31.2,84.3,31.8,29.2,26,9,75.6
NA,NA,NA,NA,NA,NA,76
NA,NA,NA,NA,NA,6.7,77.6
NA,NA,NA,NA,NA,10.4,77.3
NA,NA,NA,NA,13.5,7.1,77
NA,NA,NA,NA,NA,7.3,75.8
22.6,84.6,23.4,NA,27.2,8.3,78
23.9,83.1,23.6,22,23.2,5.2,77.8
25,NA,24.5,25.5,20.9,6.9,75.5
22.4,70.9,19,21.1,20.3,5.8,78.4
29,77.5,26.3,26.1,21.6,7.8,77.7
34,82.3,29.4,29.2,37,6.1,74.5
25.3,76.3,25.8,27.5,26.2,9.3,76.8
12.8,NA,27.8,20.1,NA,7.9,78.8
NA,86.1,25.6,NA,29.3,10.7,76.6
NA,NA,NA,NA,NA,10.8,76.6
NA,NA,NA,NA,NA,NA,77
NA,NA,NA,NA,NA,11.5,77.3
17.2,NA,30.1,NA,18,9.5,76.4
27.8,76.8,22,23,21.4,7.1,75.6
NA,NA,NA,NA,NA,13.7,76.8
NA,NA,NA,NA,NA,NA,77.4
20.4,79.4,23.5,19.3,21.6,5,78.5
NA,NA,NA,NA,NA,4.2,77.7
NA,NA,NA,NA,NA,1,74.6
29,79.1,27.1,31.9,23.4,9.7,73.6
NA,NA,NA,NA,17.2,9.8,77.1
21.7,71.5,17.4,19.5,18.9,5.2,79.6
NA,NA,NA,NA,NA,7.8,76.6
NA,NA,NA,NA,NA,NA,76
18.3,NA,19.9,NA,18.1,10.5,77.7
NA,NA,14.8,NA,NA,8.4,77.1
NA,NA,NA,NA,NA,6.2,76.9
40.7,NA,22.2,NA,29.7,8.7,74.3
32.8,NA,19.4,NA,30.6,9.2,77.2
NA,NA,NA,NA,NA,NA,75.8
NA,NA,NA,NA,NA,13.7,77.1
NA,NA,NA,NA,NA,3.2,73.9
NA,NA,NA,NA,NA,NA,76.5
23.3,NA,27.5,NA,26.1,6,77.4
NA,NA,NA,NA,NA,NA,74.5
NA,NA,NA,NA,20,10,78.3
NA,NA,NA,NA,NA,NA,74.9
NA,NA,NA,NA,NA,NA,77.6
23.9,81.2,20.7,15.7,20.8,6.2,77.7
37.6,NA,25,NA,27.1,8.1,76.9
14.4,NA,15.3,14.6,25.5,3.8,76.4
NA,NA,NA,NA,NA,NA,77.4
NA,NA,NA,NA,16.4,5.5,78.1
25.8,77.1,23.8,34.7,21.1,6.7,76.4
30.9,NA,32.7,NA,30.4,12.1,77.2
NA,NA,NA,NA,NA,11.7,76.5
NA,NA,NA,NA,NA,6.8,78.2
NA,NA,NA,NA,NA,NA,75.5
26.9,81.5,22.6,20.4,17.9,5.6,77.8
22.5,75.2,28.1,25.4,22.1,7.5,74.5
21.6,NA,18.6,NA,15.7,4.7,79
22.7,76.6,22.4,26.2,24.8,9.7,77.5
20.9,74.9,20.8,22.1,19.6,5.3,78.6
27.9,72.2,24.1,29.1,29,8.2,77.5
NA,NA,NA,NA,NA,NA,78.8
31.9,85.2,19.9,NA,28.5,9.2,74.3
NA,86.6,NA,NA,NA,13.1,73.2
NA,NA,NA,NA,NA,4,76.3
23.9,79,27.6,27.7,30.6,9,76.6
18.2,80.8,18.7,23.5,26.1,7.3,78.1
29.3,76.4,23.3,22.9,32.5,7.8,76.3
27.1,78.7,26.5,26.3,28.6,6.5,76.7
NA,NA,NA,NA,NA,10.9,77
31.9,79.9,30,26.5,23.7,8.6,76.8
NA,NA,NA,NA,NA,NA,75.7
39.1,87.1,NA,NA,35.1,12.3,74.9
29.5,NA,28.1,NA,31.5,4.8,75.6
23.7,74.4,23.1,29.9,20.2,6.1,77.3
34.1,NA,27,NA,29,12.3,75.9
24.2,NA,22.5,NA,29.8,6.7,76.9
NA,NA,NA,NA,18.4,12.9,75.2
24.3,73.9,24,22.2,27.5,5.6,77.2
26.5,78.3,20.6,19,22.5,10.9,76.7
NA,NA,NA,NA,NA,9.4,77.2
27.9,74.9,21.5,NA,31,3.4,78
32.5,78.9,31.9,NA,22,11.4,76
26.7,74.8,20.3,NA,26.7,10.2,77.6
NA,NA,29.3,NA,18.3,4.3,77.1
18,NA,25.2,NA,18.6,11.9,76.7
26.2,75.5,22.8,26.7,25.3,8.1,76.9
35.8,NA,27.2,NA,29.8,8.7,73.6
30.5,78.4,31.1,NA,26.7,6.5,76.3
24.4,85.1,24.9,NA,26.7,5,76.9
30.1,81.7,26.9,NA,33.2,11.3,73.5
21.2,83.4,25,13.8,26.1,5.9,76.6
24,79,22.5,NA,35,4.9,75.6
NA,NA,NA,NA,NA,8.2,75.7
21.1,77.9,20.7,19.6,24,5,77.1
24.2,NA,NA,NA,15.7,8.4,75.7
25.7,NA,32.6,NA,26.2,6.1,77.3
NA,NA,NA,NA,NA,NA,77.1
24,80.8,27.3,27.5,28.6,9,75.9
30.9,NA,28.1,NA,26.8,4.5,75.9
27.5,84.6,25.3,36.5,28.5,10.8,75.1
24.9,NA,22.5,27.3,29.7,6.9,76.9
NA,NA,NA,NA,NA,13.7,75.1
24.8,74.4,27.1,30.6,18.1,7,77.4
26.5,88.9,23.9,NA,35.6,7.1,75
29.3,79.1,26.6,25.9,27.5,9,75.7
24.5,78.6,20.8,NA,21.4,7.4,77.7
29.4,77.4,21.1,19.7,28.5,4.1,76
26.7,NA,25.7,NA,27.5,7.5,77.3
28.3,80,28,NA,25,8.5,77.6
26.3,79.9,22.2,28.6,29.5,8.7,75.1
31.7,82.8,37.1,NA,15.4,6.2,78.8
25.9,74.9,21.7,24.5,27.1,7.8,75.3
33.1,80.6,33.3,NA,29.7,9.8,75.6
33.4,NA,24.9,20.4,23.6,8.1,75.8
NA,NA,NA,NA,NA,NA,74.9
33,84.8,23.1,NA,26.9,3.5,76.3
28.5,78.5,18.7,23.9,35.7,4.7,76.4
32.1,86.5,34,NA,27.7,9.4,76.7
24.3,74.9,28.1,20.2,22.7,6.1,76.5
21.5,76.1,28.3,25.3,25,8.8,76.2
25,82.3,19.9,23.7,16.8,6.2,77.3
26.2,77,25.2,27.7,23.2,5.5,77.1
21.4,79.6,23.8,25.4,23.6,5.9,77.3
30.4,79.5,26,NA,25,8.1,75.5
23.7,NA,26.9,NA,24.8,10,75.1
24.1,76.8,21.9,26.4,25.7,6.3,76.2
35.5,82,37.1,NA,24.6,12.1,75.1
28.5,86.1,26,NA,25.4,9.5,77.1
35.9,89.1,23.7,NA,31.1,9.2,77.2
31.5,NA,25.5,27.8,22.5,8.1,77.2
27.1,80.4,33.2,34.5,27.8,8.7,75.5
29.3,81.3,28.7,NA,26.2,11.2,76.4
16.4,76.3,20,18.6,16.9,4.8,79.1
24.3,82.7,20.7,18.8,20.5,6.5,77.3
22.9,80.8,21.1,20.2,23,5.2,76.4
NA,NA,NA,NA,NA,9.6,71.7
28,82.8,28.9,18.6,26.7,7.7,76.8
22.1,74.1,23.4,26.1,23.8,5.2,78.1
31,81.8,30.1,NA,26.8,8.6,75.8
23.6,79.1,25.8,28.6,24.3,9.2,75.8
26.2,79.6,24,NA,22.3,8.8,77.2
28.9,83,25.1,27.1,31.4,7.4,76.2
26.4,NA,27.9,20.5,26.5,9,77.6
35.7,78.8,27.3,NA,25.2,12.7,76
23,80.5,26.9,NA,35.7,5.7,75.7
35.4,88.1,23.8,NA,28.9,10.3,74.7
NA,NA,NA,NA,NA,6,77
NA,NA,NA,NA,15.7,13.6,71.9
25.4,81.6,22.5,23.7,27,6.3,77.6
30.4,78.3,25.1,NA,30,7.8,75.2
24.4,73.3,24,28.7,27,8.2,77.1
22.7,78.5,26.8,NA,32.6,5.5,78.5
29.2,79,28.7,27.5,27.7,8.1,74.4
28.3,79.8,25.6,30.5,26.6,8,76.2
34,80.7,28.7,31.7,29.1,11.5,75.7
28.3,77.8,27.1,30.1,29.4,8.4,75.7
26.3,78.4,24.3,25.4,28,7.5,74.5
27.7,70.3,26,20.4,26.8,5.7,77.7
NA,NA,18.4,NA,NA,10,76
22.9,75.6,23.1,24.9,21.3,6.5,76.1
21.1,NA,NA,NA,NA,6.5,78.9
13.2,77.4,16.1,15.9,17.5,3.9,80.5
20.6,NA,19.2,22,21.1,5.2,79
25.5,84.3,NA,NA,16.5,11.8,79.6
27.8,75.2,22.5,23.1,18.9,4.3,78.4
27.8,85.3,23.2,22.1,30.2,8.8,76.7
19.9,81.9,21.5,23.5,20.7,6.2,79.3
28.6,84,NA,NA,23.9,6.9,79.6
NA,NA,NA,NA,NA,10.7,76.9
21.7,79.8,17.6,25.1,18.5,4.8,81.3
29.7,81.5,25.7,28.2,25.5,5.4,79.4
28.1,79.4,26.1,20.1,20.3,3.8,78
30.5,88.5,20.5,24.5,22.3,5.1,79
25.4,81.4,22.7,28,25.8,7.2,78.5
28.7,81.5,27.9,25.4,25.9,6.9,76.1
22.5,75.6,22.6,26.2,29.5,6,76.4
22.3,NA,20.6,28.5,19.3,4.6,79.2
NA,85.3,NA,NA,23.2,10,77.5
NA,NA,NA,NA,NA,11.1,76.9
30.8,83.5,29.1,33.3,26,13.2,77
26.7,82.9,25.6,23.2,22.8,5.7,78.4
22.9,78.7,23.5,24.7,19.3,6.6,78.2
24.1,82.8,25.7,25.8,23.3,3.7,79.3
NA,88.9,NA,NA,NA,13.3,79.3
27.8,79.8,24.5,30.5,28.3,5.1,77
NA,87.3,NA,NA,21.4,8.7,78.4
21.6,85.4,20.3,21.1,21.2,7.5,78.5
NA,NA,NA,NA,20.3,1.7,79.2
21.3,82.8,22.8,21.8,24,6.5,77.9
26.3,82.5,26.8,28,28,8.3,76.1
23.5,79.4,26,33.8,23,7.3,78.5
NA,NA,NA,NA,11.4,8.1,77.8
26,80.3,23.2,24.8,25.8,6.2,77.3
28,81.2,23.8,26.1,22,4.9,78.5
20.1,81.3,20.5,23.7,23.7,6.9,77.3
22.9,78.7,26,29,15.4,2.7,78.9
21.5,83.5,17.6,16.5,15.8,4.3,81.3
14.8,79.9,17.2,15.5,16.2,4.5,81
22.8,80.1,25.6,23.9,23.3,5.2,78.5
29,85.8,27.3,26.2,26.2,10.6,77.8
23.8,78.2,28,28.1,24.9,7.9,77.7
NA,NA,NA,13.3,NA,10.6,78
27.6,79.8,24.8,27.2,23.9,6.2,77.1
19,74.9,20.2,22,19.2,3.6,79.8
21.1,81.7,26,26.8,20.4,6.1,78.8
22.4,82.7,25.3,23.4,21.8,4.2,79.6
NA,NA,NA,NA,NA,12,76.9
28.2,83,26,31.5,24.4,9.8,77.5
18.2,76.4,25.6,23.8,15.7,7.7,78.9
29.3,78.3,19.5,19.2,13.4,4.6,80.8
26.1,82.9,23,23.9,28.6,4.6,77.3
25.1,NA,23.7,22.9,17.7,8.1,77.8
29,81.2,19.3,25.2,25.7,6.4,78.6
32.1,81.5,29.7,24.1,22.3,4.6,77.9
25,81.6,28,25.9,22.9,6.1,77.7
NA,NA,NA,NA,15.6,11.3,74
21.2,75,25.1,29.8,20.6,10.9,78.5
21.2,81.2,20.7,29.1,11.6,4.6,79.3
22,81.7,21.2,31.7,19.5,4.3,79.2
25.7,83.5,20.9,23.2,17.7,6.2,79.1
24.3,75.3,23.3,28,20.4,8.4,77.7
26.3,75.6,25.2,26.4,23.5,7.1,77.9
21.5,82.2,24.4,23.5,21.1,6.1,77.8
24.3,79.5,21.3,27.2,13.8,5.7,78.2
29.6,85.9,26.9,22.8,23.2,6.1,78.7
28.3,85.8,24.8,30.9,24.8,9.5,78
NA,NA,NA,23.9,NA,12.7,77.8
NA,84.8,30.9,NA,NA,10.1,73.9
18.4,83.8,23.4,28.2,19.2,5.3,79.4
23,76.9,26,25.6,18.4,5.4,78.1
21.9,79.8,26.6,31.8,25.6,10.4,77.9
29.1,NA,28.7,29.5,21.3,5.6,78.9
23.4,76.6,18.8,22.5,15.6,6,78.7
NA,NA,NA,NA,NA,8.9,78
34.9,NA,27.7,28,23.2,7.8,77.8
23,80.2,22.7,29.3,19.9,5.8,78.9
28.3,78,24.8,28.5,18.3,7,78.6
19.7,74.2,25,24.3,19.9,6.4,79.4
23.1,78.1,16.7,18.7,27.4,2.9,78.1
34.8,82.1,27.5,36.8,31.6,7.2,73.9
19.4,79.5,25.1,24.4,16.3,6.1,78.9
20.9,NA,31,NA,21.4,12.5,78.4
33,85.5,22.8,23,26.6,6.3,78.7
29.4,72.4,31.6,27.3,21.1,7.9,79.2
25.5,80.8,20.7,20.4,16.5,6,78.4
32.4,85.2,32.5,33.7,24,6.3,76.4
31.9,87.7,NA,NA,NA,8.1,79.1
NA,82.4,22.3,22.9,15,7.8,79.3
21.4,89.1,25.5,22.5,14,2.8,79.1
31.8,80.3,26.7,27.5,23.4,11,78.6
37.3,83.2,25.3,29.7,24.7,8,78
30.8,76.2,26.6,27.2,25.1,6.6,73.5
22.3,81.7,21.9,26.1,22.1,9.1,78.9
26.4,81.4,27.5,27.7,22.8,8.4,78.4
33.4,79.8,30.8,31.2,28.3,8.8,77.5
27.6,76.8,31,25,18.4,8.4,78.9
NA,84,18.1,NA,11.6,5.1,78.7
NA,NA,21.5,NA,13.7,6.8,79.2
NA,NA,NA,19.4,22.2,2,78.2
31.9,76.6,28.7,25.1,21.3,8.2,79.4
24.4,81.2,23.4,24.2,18,8.8,79
25.4,85,28.7,24.8,21.9,8.1,78.9
NA,NA,19.3,NA,17.1,5.7,79.1
NA,NA,NA,NA,NA,8.1,74.7
33.5,74.6,24.2,NA,23.6,8.4,76.1
NA,NA,NA,NA,NA,14.5,77.9
21.5,78.8,20.8,24.2,21.6,5.8,77
NA,NA,13.8,NA,NA,3.1,77.4
29.5,82.6,25.4,NA,27.3,6.5,76.7
NA,NA,NA,NA,NA,10.5,77.9
27.2,79.4,24.4,18.5,19.6,7,78
24.6,77.8,23.4,30.2,13.5,6.1,79
25.7,75.6,20.8,NA,18.2,3.5,78.4
32.3,74.5,28.8,NA,17,5.8,77.8
NA,NA,NA,NA,14.5,9.6,77.8
31.9,NA,21.2,24.8,24.2,7.6,76.4
25.2,76.1,27.3,21.5,21.6,6.9,76.9
25.5,82.4,16.7,NA,18.5,3.6,78.4
30.5,80.8,28,29.3,27.1,9.1,75.6
28.8,NA,20,NA,17.9,9.2,78.4
NA,NA,NA,NA,NA,2.2,76.6
31.4,79,21.9,NA,11.4,3.9,77.3
32.7,81.9,24.7,28.9,19.2,9.4,76.4
NA,NA,NA,NA,NA,10.3,78.2
NA,90.3,15.3,NA,NA,7.5,78.3
29.9,81.2,30.6,NA,26.4,8,77.6
31.9,82.1,24.9,NA,26.7,9.4,77
NA,NA,17.6,NA,19.2,11,78.4
40,NA,24.6,NA,14.5,4.4,77.4
29.7,NA,26.8,NA,18.2,12.4,77.3
24.4,NA,NA,NA,19.4,7.8,78.4
22.9,73.2,19.5,19.3,19.3,5,77.8
26,83.2,22.5,NA,23.1,11.1,78.2
NA,NA,NA,NA,NA,NA,78.1
25,79.6,25.2,24.1,22.7,6.4,77.6
25.7,NA,14.6,NA,12.9,8.3,78.7
27.3,89.7,24.2,NA,16.5,5.2,77.3
22.8,81.3,25.7,21.1,21.7,6.7,77.7
14.3,77.9,14.7,15.7,16.1,3.3,79.8
27.4,NA,17.4,NA,22.8,9,78.3
NA,NA,NA,NA,NA,12.8,78.2
33.4,81.2,22.4,NA,21.3,7.9,77.4
23,75.8,21.7,21.5,23.9,4.9,77.2
NA,NA,24.7,NA,11.5,5.3,77.9
24.6,79.9,24.5,24,22.9,6.8,76.6
30.7,83.3,21.2,23.2,20.2,7,77.8
25.5,80.9,26,24,19.6,6.7,75.9
NA,NA,NA,NA,NA,4.3,78.3
NA,NA,NA,NA,NA,6.1,78.4
29.3,NA,NA,NA,NA,8.8,78.1
21.7,NA,NA,NA,7.5,7.7,78.4
22.9,NA,17.3,NA,16.2,10.3,77.3
NA,NA,NA,NA,NA,NA,76.6
25.5,NA,11.2,NA,19.1,7,76.6
26.4,78.1,29.7,27.3,19.5,8.6,76.2
27.7,93.7,15.2,NA,18.6,3.8,78.1
NA,NA,NA,NA,13,7.2,77.9
30.2,NA,23.8,NA,16.2,5.1,77.6
NA,NA,NA,NA,NA,NA,77.9
NA,NA,NA,NA,NA,14.9,75.6
33.1,NA,27.8,NA,26.6,8.2,76.4
27.9,NA,22,NA,16,6.1,78.7
NA,NA,NA,NA,NA,9.6,77.9
33.3,NA,31.2,NA,19.8,11,75.6
NA,NA,NA,NA,NA,8.8,76.4
37.3,83.1,27.4,26.5,28.2,7.7,73.2
31.5,86.3,25.9,NA,23.7,7.6,75.3
NA,NA,NA,NA,12.9,10.4,78.1
NA,NA,NA,NA,NA,7.9,78.2
29.9,NA,29,NA,19.1,6.7,77.3
25.3,83.7,20.7,NA,19.6,9.5,78.7
16.2,82.9,23.8,NA,17,6.7,76.7
NA,NA,NA,NA,NA,NA,78.2
32.8,82.6,29.2,30.4,23.4,8.4,75.6
23.8,81.2,23.6,24.1,24.8,7,75.9
NA,NA,NA,NA,NA,4.5,78.3
35.3,NA,25.5,NA,21.4,10.7,76.7
29.2,78.4,27,28.9,23.8,5.8,77.3
31.9,NA,29.6,NA,21.7,9.1,77
19.3,79.6,17,14.9,19.2,3.6,79.3
NA,NA,NA,NA,13.1,8.9,78.2
NA,NA,NA,NA,NA,9.8,75.6
21.3,81.2,17.2,15.4,20.1,5,78.9
22.5,NA,21.7,NA,12.2,4.9,77.4
36.3,84,23.1,25.1,20.8,5.5,77.5
27.9,83,24.9,23,18.2,5.9,76.4
28.4,82.1,27.2,35,23.5,5.5,76.1
28.8,81.6,25.4,NA,21.6,9.3,77
17.6,80.8,16.7,20.7,24.8,6.5,74.3
NA,NA,NA,NA,NA,1,77.9
NA,NA,NA,NA,NA,8.4,78.3
NA,NA,27.3,NA,26.9,8.2,76.6
24.5,NA,NA,NA,18.6,4.5,77.8
NA,NA,NA,NA,NA,NA,77.9
36.2,82.4,30.8,NA,20.1,11.9,75.6
NA,NA,NA,NA,NA,NA,76.6
NA,NA,24.9,NA,21.7,11.1,77.4
25,82.4,24.7,27.2,12.8,7.9,78.8
NA,NA,14.6,NA,18,3.4,77.4
NA,NA,NA,NA,15.7,5.6,76.6
NA,NA,NA,NA,NA,NA,78.2
31,82.3,26.9,NA,26.4,8.9,77.3
26.3,83.5,25.1,21.9,22.6,6.1,77
NA,NA,NA,NA,12.6,9.5,78.4
16.7,79.4,17.4,18.9,16.6,4.8,80.3
NA,NA,NA,NA,NA,9,76.6
26.9,86.8,30.9,NA,18.6,9.3,77.4
NA,NA,NA,NA,10.4,4.3,78.2
34.2,88.9,27.9,32.4,25.5,6.9,75.5
26.5,80.8,27,31.4,22.9,8.2,77.9
NA,NA,NA,NA,NA,NA,76.9
31.3,79.6,22.3,28.4,32.6,5.8,75.7
NA,89.5,NA,NA,NA,8.3,75
NA,NA,NA,NA,25.4,8.6,74.7
32.7,83.4,30.5,29.7,30.6,8,75.4
43.9,87.6,35.8,NA,41.6,6.9,73.6
NA,NA,NA,NA,NA,NA,76.9
26.8,81,25.5,26.4,26.7,7.6,75.3
25.4,72.6,22.6,NA,29.2,5.9,76.1
42.1,84.5,33.9,31.8,32.6,11.6,73.6
24,79.9,23.6,27.8,32.7,7.3,76.1
45.3,77.8,25.5,33.9,34.8,9.4,72.8
34.6,87.2,26.8,36.7,34.3,7,75
41.2,88.2,26.4,37.3,31.3,7.6,73.9
32.5,75.4,28.6,NA,26.1,8.1,77
39.7,82.3,24.7,33.3,32.3,10.9,75.1
40.8,85.7,27.3,33.8,35.9,8.1,72.2
43.6,84.6,31,NA,38.7,14.6,73.7
42.3,82.5,33.4,NA,36.2,10.2,72.7
42.4,81.4,33.6,38.9,31.4,11.9,72.5
41,81.8,26.8,35.4,40.3,7.6,75.4
34.5,80.3,29.5,NA,31.7,7.2,74.8
35.2,82.8,27.6,NA,NA,6.7,75.1
41.3,80.3,32.4,23.9,36.1,11.5,73.1
33.1,78.1,26.3,26.9,38.9,4.7,75.5
33,NA,29.7,NA,19.5,13.5,75.1
33.8,79.2,25.7,34.5,25.9,9.6,75.4
49.4,80.7,34.3,NA,46.2,10.4,73.4
41,83.1,38.7,NA,27.6,9.8,74.9
28.7,82,23.6,25.9,28.9,4.7,76.1
41.7,87.8,33.3,NA,34,10.8,73.8
38.8,82.8,23.1,NA,33.9,7,75.8
26.4,74.6,22.6,31.9,26.1,6.4,76.8
NA,90.2,NA,NA,31.9,7.5,72.2
21.9,81.3,25,25.1,21,5.2,77
37.5,79.4,21.1,31.6,30.1,7.6,74.2
28.1,77.8,22.3,28.4,36.7,7.5,75.3
39.5,87.2,25.1,31.4,37.5,10.8,72.6
NA,82,27.9,NA,NA,8.4,76.1
36.4,84.1,25,NA,NA,8.5,74
44.6,87.2,25.4,18.4,NA,9.6,74.6
38.3,82.9,30.1,30.3,32.4,9.8,75
39,82.3,26.1,31.9,31.4,11.5,73.8
36.5,81.9,32.9,27.7,27.8,9.3,74.9
30,82.6,26,27,30.1,6.2,75.4
NA,NA,NA,NA,NA,8,75
NA,NA,NA,NA,NA,NA,75.3
35.7,82.5,26.4,31.6,40.8,8.5,74.6
21.8,79.2,19.2,NA,23.7,4.2,77.4
37.9,NA,22.4,NA,NA,5.9,75
33,93.4,25.5,NA,NA,10.4,73.6
NA,NA,NA,NA,NA,10.2,74.2
41,79.7,32.6,34.6,33.8,10.7,72.4
42.6,83.9,28.5,35,34.2,11.4,72.3
NA,NA,NA,NA,NA,NA,72.6
32.3,80.7,24.1,32,30.1,8.9,75.2
37.6,79.9,27.2,35.9,29,9.6,74.3
38.8,77.4,27.3,38.5,32,8.5,75.4
NA,84.3,21.9,NA,30.4,6.6,75.3
41.6,76.9,31.9,24.6,29.2,11.8,73.6
29.7,79.5,25.1,25.7,27,6.5,75.4
42.4,85.2,27.5,30.5,29.6,7.4,75.4
26.9,83.6,22.2,NA,28.1,5.4,75.9
28.9,80.7,NA,NA,29.8,3.3,76.2
31.2,70.6,19.3,NA,30.3,6.5,75.5
NA,NA,NA,NA,NA,3.3,75.4
37.3,80,18.8,33.2,32.4,6.8,75.4
45,85.7,29.2,NA,30.4,5.3,74.9
25.8,80.2,21.7,NA,21,5.7,75.3
34,81.7,24,NA,32.9,7,75.1
NA,NA,NA,NA,NA,NA,73.8
35.5,NA,31.5,NA,31,10.1,74.5
28,75,22.6,23.5,27.1,7.7,75.9
NA,84.3,24.3,NA,NA,10.6,75.8
NA,NA,NA,NA,NA,NA,76.9
36.4,83.1,28.3,31.4,33.3,8.6,73.4
32.1,82,31.6,19.7,24.6,6.6,74.9
39.8,79.2,30.6,41.5,35.6,11,73.1
50,84.1,23,NA,33,8.7,72.6
19.6,NA,18.5,NA,18.7,8.6,76.2
39.8,77.6,25.1,28.2,40.4,8.1,74.2
36.6,81.6,29.2,30.6,33.2,7.7,72.8
36.9,77.9,21.9,27.2,37.9,7.4,76.1
30,77.9,25.6,NA,30.5,9.9,76.3
NA,NA,NA,NA,NA,NA,76.9
34.5,84.3,33.3,NA,36.8,8.1,74.6
33.4,80.7,17.9,NA,32.3,5.6,75.1
26.4,78.6,18.1,28.4,27.9,6.5,76.9
27.8,85.6,23.9,22,25.6,6.9,75.8
NA,84.8,NA,NA,NA,10.2,74.7
NA,NA,NA,NA,NA,NA,76.9
39,83.1,32,NA,32.5,8.8,74.6
NA,89.2,NA,NA,NA,5.2,73.8
37.7,87.4,31,30.9,35.5,9,73.6
38.2,81.8,24.8,NA,23.3,13.3,74.8
31.2,76,24.4,31.7,34.2,9.6,74.7
40.5,82.1,23.5,NA,36.7,7.9,75.5
NA,NA,NA,NA,NA,NA,76.9
45.8,83.2,30.8,NA,37,11.6,72.7
26.7,81,22.5,NA,24.7,7.2,74
39,83.9,31.3,NA,29.9,7.2,74.5
NA,NA,26.4,NA,25.9,3.2,74
30.1,78.5,22.6,28.9,29.8,7.5,76
23.7,84.3,25.9,NA,NA,3.3,76.2
34.4,NA,NA,NA,NA,6.9,75.2
42.8,83.7,34.7,NA,40.9,7.3,73.8
NA,NA,NA,NA,NA,NA,76.9
NA,NA,NA,NA,NA,13.6,73.7
23.8,75.9,20.8,22.3,23,5.9,76.3
37.1,83.7,28.3,28.1,32.2,7.2,75.3
NA,NA,NA,NA,NA,NA,76.9
NA,NA,NA,NA,NA,NA,76.9
45,82.6,31.3,40.2,32.4,11.3,73
27.8,76.9,23.4,25.9,24,7.5,75.9
NA,83.1,NA,NA,NA,11.9,74.7
NA,NA,NA,NA,NA,5,73.8
NA,NA,NA,NA,NA,2.1,76.1
31.1,81.8,24,NA,32.4,8.9,74.7
NA,NA,NA,NA,NA,NA,76.9
38.9,83,26.2,NA,37.1,12.5,74.2
33.1,78.8,25.1,30.5,32.6,8.5,75.3
35.7,77.1,23.4,38.4,37.9,13.2,74.1
NA,NA,NA,NA,NA,NA,76.9
37.3,80.6,31.8,NA,31.1,9.5,77
NA,NA,NA,NA,NA,NA,76.9
37.1,82.6,29.5,37.7,27.9,10.9,75.2
28.9,NA,21.5,NA,21.7,8.6,76.1
28.6,78.7,24.6,28.2,29.9,7.8,76.1
45.7,84.7,30,31,35.7,11,72
NA,85.9,NA,NA,NA,3.1,75
36.6,83.9,18.7,26.8,35.7,6.4,75.2
34.3,78.5,25.5,29.8,30.1,7.5,76.3
NA,NA,NA,NA,NA,NA,76.9
NA,NA,NA,NA,NA,NA,76.9
34.1,80.1,30.7,33.5,27.6,8.2,73.8
23.2,81.8,22.7,22.7,24.2,7,76.2
33.1,84.3,28.5,24.7,24,7.8,72.9
NA,NA,NA,NA,15.1,4.9,73.5
36.5,89,27.8,28.7,28.4,8.4,74.6
33.2,84.4,32.8,29.1,19.7,8.3,73.8
35.4,83.5,25.5,27.1,23.2,11,75.6
27.3,79.2,23,23.9,32.1,5.1,74.3
45.8,85.6,29.8,37.8,28.6,16.8,71.6
32.9,89.4,27.5,29.2,25.4,6.6,73.8
35.5,79.9,26.2,35,25.8,10.1,74.3
27.8,NA,28.7,NA,23.5,12.2,74.9
42,86.3,33,NA,NA,8.4,73
NA,NA,NA,NA,10.8,14.6,73.9
35.8,82.7,30.4,NA,23.9,13.5,73.4
44.1,84.8,29.9,NA,27.4,10.3,73.1
28.9,82.7,21.5,28.9,27.8,7.6,75.6
31.5,81,27,32.1,21.9,7.7,74.1
32.1,79.4,26.4,27,25.5,7.2,74.3
38.9,87.9,27.8,27.6,26.1,8.2,73.4
NA,NA,NA,NA,NA,NA,76.9
NA,NA,NA,NA,NA,4,72.5
NA,NA,NA,NA,16.8,7.5,74.3
NA,NA,31.5,NA,25.1,12.7,73.5
39.6,74,31.7,NA,21.6,7.4,73.8
42.4,91,29.7,NA,20.9,9.2,73.5
39.4,85.8,31.1,32,23,8,72.6
NA,NA,NA,NA,NA,NA,NA
27.7,82.5,22.8,27.2,20.4,6.1,74.9
NA,NA,NA,NA,NA,4.9,73
30.2,NA,30,NA,21.8,10.9,73.9
41.9,86.7,24.8,34.8,27.5,7.4,73.2
38.6,NA,32.2,NA,22.6,10.5,74.8
NA,NA,NA,NA,NA,NA,76.9
41.6,87.6,32.3,36.8,30.1,8.9,71.6
39.6,89.6,31.6,NA,34.3,7.7,74.1
32.7,85.4,27.6,31.8,25.1,11.2,74.8
42.4,83.6,30,NA,22.1,7.4,73.2
39.3,81.8,22.3,NA,29.4,11.5,73.4
30.5,82.2,24.8,28.1,21.1,7.4,75.1
38.1,86.9,33.1,33.9,28.4,5.6,73.5
25.6,82.3,21.8,24.4,23.4,7,75.7
38.1,84.8,28,32.9,26.3,9.2,75.6
39.9,87.5,25.9,NA,18.7,5.9,74.1
28.6,81.1,20.3,22.7,25.2,8.7,75
24.1,83.6,25.2,24.9,19.5,5.8,76.7
NA,NA,NA,NA,NA,NA,76.9
32.9,82.7,25.1,30,31.1,7.7,74.7
NA,90.8,NA,NA,NA,8.7,71.6
47.7,80.4,34,30.2,28,7,72.8
34.8,82.7,28,28.1,21,8.9,73.7
NA,NA,NA,NA,NA,NA,76.9
32.1,80,25.6,29.6,21.5,9.1,71.8
35.7,83.2,25.8,24,25.6,6.5,74.2
34.1,88.7,33.7,29.9,22.8,7.4,74
40.2,84.2,28.1,NA,28,7.2,73.9
33.2,84.8,24.5,30.5,26.3,7.8,73.6
39.4,81.4,26.6,NA,26.4,13.4,74.6
NA,NA,NA,NA,NA,NA,76.9
NA,NA,NA,NA,NA,7.8,73.1
NA,NA,NA,NA,NA,NA,NA
32.6,80.3,30.7,NA,30.4,10,72.5
31.9,89.2,25.2,37,27.1,11.7,73.9
38.6,80.8,29.6,27,27.7,7.7,73.5
28.3,81.7,32.6,26.7,21.2,9.3,75.6
NA,NA,NA,NA,NA,NA,76.9
NA,NA,21,NA,NA,12.4,73.9
36.7,87.8,25.4,NA,21.3,11.4,75.6
34.9,78.7,24.6,34.2,23.5,10,74.3
38.4,87.4,24.6,29.7,28.2,9.6,74
40.6,83.3,32.6,28.1,27.2,8.3,74.8
41.1,90.3,24.7,31.7,27.4,6.1,73.5
22.8,76,24.7,23.4,21.9,7.1,77.2
20.7,68.9,21,21,19.3,6.8,78.1
20,67.8,16.8,27.7,17.2,4.3,78.3
26.3,71.9,23,24.3,27,7.4,76.9
23.7,76.9,22.6,23.5,24.5,8.5,76.6
25.8,75.2,24.6,25.1,24.7,6.7,77.2
24,71.1,24.2,23.4,28.1,7.2,76.5
19.4,74.8,19.9,23.1,18.8,5.6,78.8
30.7,76.7,23.2,29.8,26.5,9.8,76.5
23.7,73.4,25.9,24.2,22.4,7,77.3
32.9,72.5,25,32.4,27.5,6.6,75.6
22.3,71.4,20.7,24.2,21.8,6.9,78.2
30.4,74.3,25.4,24.6,24.3,10,77
17,68.6,16.6,20.3,18.9,5.6,78.3
18.6,68.9,22,24.6,20.1,9.3,77.7
21.3,68.5,17.7,25.1,22.5,5.8,77.4
34.1,78.7,27.3,32.6,26.6,8.8,74
20.6,70.6,19.3,27.4,20.8,5.8,77.9
27,73.4,25.8,26,27.2,6.4,75.1
22.4,75.2,26.5,23.8,21.1,4.9,76.6
31.3,70.5,26.4,29,25.1,9.7,74.8
28.2,75.2,25.2,32.9,25.3,8.8,76.3
20.9,70.9,21.4,21.3,20,6,78.3
28.6,74.3,25.6,25.9,18.4,8.6,77.2
22.2,72.5,22.3,25.6,20.4,7.2,77.4
15.5,73.5,16.4,19.8,13.7,4.5,79.7
27.2,NA,23.1,30.6,19.9,10.4,77.4
18,66.8,15.3,22.4,11.9,5.2,81.3
24.6,72.1,25.5,26.2,17.8,8.3,75
25.1,74.1,21.9,30.1,19.4,6.7,77.4
21.8,73,25.6,25.1,21.1,6.1,76.7
41.2,NA,32.4,29.7,30.6,10.4,75.2
20.1,71.5,23.3,28.2,22.4,7.5,76.9
22.2,73.5,20,30.1,18,9,78.5
27.2,73,22.4,29.4,23.3,7.4,77.1
25,70.2,25,28.4,24,8.3,75.3
23,74.7,24.6,40.4,21.9,10.2,76.1
28.6,72.9,28,29.5,27.8,9.6,68.6
23.4,72,20.8,26.2,22.2,6.5,76.9
20.4,70.3,22.4,27.1,20.2,5.7,77.4
NA,NA,NA,NA,NA,NA,76.9
19.8,69.9,22.8,29.4,21.6,5.4,78.5
27.2,72.9,21.7,25.9,22,8.1,76.7
17.6,65,14.1,19.2,18.2,4.7,79
18.7,69.3,15.5,21.7,15.1,5.2,79.3
NA,NA,12.4,NA,NA,2.1,79.4
16,65.6,15,30.5,16.8,6.7,79.4
18.6,70.1,15.4,23.8,15.9,5,79.5
21.6,73,20.1,25.8,21.6,7.1,77.6
26.4,72.8,17.8,20.6,19.8,5.6,76.5
23.8,71.5,21.9,24.4,21,6.3,77.8
21.4,68.8,19.8,23.3,21.8,6.8,78.4
26.6,76.4,23.2,27.7,24,7,77.8
20.8,NA,9.9,NA,13.3,4.2,79.4
23.9,70.2,18.7,23.8,18.7,6.1,78.5
NA,NA,NA,NA,NA,NA,76.9
23.1,NA,NA,NA,NA,8.3,77.5
21,69.7,22,25.1,18,7.4,77.2
21.4,NA,32.9,NA,22.8,5.8,76.6
21.6,NA,24.6,NA,27.9,7.7,77
25.5,84.9,NA,19.1,21.8,8.4,77.2
17,73.7,23.1,22.3,20.7,8.7,78.8
NA,NA,NA,NA,NA,9.4,76.8
21.8,84,26,30.7,24.4,7.1,76.8
26.3,86.6,32.9,29.7,25.5,9.5,75.6
NA,NA,NA,NA,NA,7.7,75.8
NA,NA,NA,NA,NA,9,75.3
25.4,79.3,24.9,24.6,30.7,8.7,75.7
23.2,NA,24,NA,26.2,7.5,76.2
18.5,75.4,21.3,26.5,18.9,7,78.2
NA,NA,25,NA,NA,12.1,77
27.7,NA,29.8,NA,NA,9.3,75.3
NA,NA,NA,NA,NA,NA,76.9
NA,90.6,20.8,NA,NA,7.6,74.6
NA,NA,NA,NA,NA,3.9,77.1
24,NA,NA,NA,22.9,4.6,77.6
16.5,78,19.5,26.7,17.9,5.6,79.9
NA,NA,NA,NA,NA,NA,76.4
NA,NA,NA,NA,NA,NA,75.8
31.6,83.9,31.7,NA,23.2,13.1,75.8
25.7,81.3,31.8,30.2,21.9,9.5,76.5
20.9,79.4,25.2,30.8,31.1,7.3,76.5
26.6,77.8,35.9,26.7,27.5,12.5,75.8
27.7,84.6,28.6,NA,32.5,5,76
NA,NA,NA,NA,NA,NA,76.6
26.5,83.8,25.8,26.3,24.2,7.4,76.7
26.9,78.5,30.5,NA,22.8,5.2,76.2
25.7,79.5,23.8,26.5,23.3,6.4,76.6
20.1,81.4,23.4,30.1,25.6,9,76.8
16.4,69.7,20.3,19.6,14.8,5.4,78.5
27.9,78.4,29.2,30.3,26.3,9.8,73.4
25.8,NA,23.1,NA,27,6.1,75.8
23.3,80.9,27.1,32.6,19.9,9.2,77.5
18.2,NA,NA,NA,NA,10.3,80.2
NA,NA,NA,NA,NA,10.3,77.1
24,76.7,24.6,36,24.5,6,76.3
26.8,82.5,28.4,NA,30.8,6.7,76.8
25.6,76.7,27.8,32.5,30.6,10,74.8
24.5,85.1,23.7,NA,28,10.7,76.4
13.9,NA,25.2,NA,23.2,11.1,78.3
25.2,87.7,24,NA,NA,4.5,77.2
19.1,NA,22.3,NA,26.7,7.3,77.9
26.7,NA,NA,NA,29.3,10.9,74.5
21.7,78.5,25.8,26.5,19.2,7.8,78.7
NA,NA,NA,NA,NA,10.3,75.8
NA,NA,NA,NA,NA,NA,76.6
25.8,NA,30.3,NA,23.3,8.9,77.7
28.5,NA,20.7,NA,22,8.6,78
18.8,77.6,25.3,28.5,26.4,5.7,78.6
18.8,78.1,NA,17.3,NA,6.2,78.8
25,78.8,26.6,27.8,26.1,8.7,74.7
NA,NA,29.6,NA,NA,8.8,76.2
NA,NA,NA,NA,NA,8.1,76.9
17.1,79.5,21.7,20.9,27.5,4.5,79
20.7,81.5,28.8,23.9,29.8,9.6,77.1
23.8,81.5,33.1,NA,27.7,10.9,76.1
19.9,82.5,22.5,23.5,27.7,6.7,77.2
19.7,NA,24.1,NA,12.2,10.7,77.4
19.1,NA,26.6,NA,24.9,4.6,77.4
21.3,77,23.7,24,23.2,6.9,77.6
24.6,82,23.8,22.8,28.2,9,77.2
28.9,87.3,30.5,NA,NA,11.1,77.1
NA,NA,NA,NA,NA,3.2,76.4
20,NA,21.5,22,27.4,4.4,77.6
20,76.7,26.5,30.1,24.1,9.3,76.5
18.7,74.3,20.8,23.6,17.9,6,77.5
11.3,NA,13.9,NA,NA,4.4,76.8
28.3,78.9,31.9,NA,33.1,8.4,77
19.1,78.6,21.5,23.9,21.8,6.6,78
NA,NA,NA,NA,NA,NA,77.4
NA,NA,NA,NA,NA,9.9,74.6
25.1,77.7,24.6,18.3,28.8,7.2,77
15.5,NA,18.1,NA,13.3,12.6,80.2
NA,NA,NA,NA,NA,NA,76.9
25.7,78.8,26.1,30,20.8,9,77.3
16.9,77.8,21.3,15.8,20.5,6,78.1
NA,NA,NA,NA,NA,NA,76.6
NA,NA,NA,NA,NA,11,76.6
23.3,79.9,23.3,26.4,24.7,7.1,77.4
25.7,78.3,19.9,NA,22.7,6.2,77.6
NA,NA,NA,NA,NA,NA,76.9
NA,NA,NA,NA,NA,5.9,80.3
12.9,72.2,23.5,23,15.7,3.3,81.1
14.9,NA,NA,NA,15.4,4.7,80.3
NA,NA,NA,NA,NA,NA,76.8
14.1,70,21.9,21.4,14.6,3.5,80.7
23.9,85.9,23.5,31.4,19.8,5.5,78.9
19,NA,NA,20.4,20.3,5.4,78.3
24.7,NA,25.6,NA,25.8,9.5,77.7
NA,NA,NA,NA,NA,8.2,80.3
24.7,NA,33.2,NA,26,8.6,78
NA,NA,NA,NA,NA,NA,78.7
12.7,NA,NA,NA,12.7,8,79.4
17.6,73.6,21.3,21.2,20.6,4.7,78
NA,NA,NA,NA,NA,NA,78.3
NA,NA,13.2,NA,NA,7,78.9
16.9,81.4,NA,NA,21.4,11.6,79.1
15.4,75.7,24.6,27.4,23.9,5.2,79.4
NA,NA,NA,NA,NA,NA,80.3
13.5,NA,NA,NA,NA,6.7,78.1
16.9,76.4,18.5,24.2,21.5,6,77.8
13.9,77.5,21,17,16.1,3.5,79.2
15.4,78.5,23.2,24.2,21.2,5.5,79.3
20.4,76,24.1,19.6,17.3,6.2,78.2
NA,NA,NA,NA,NA,7.1,79.2
16.1,77.1,18.9,18.9,18.5,3.9,80.8
21.7,74.4,16.3,20.5,17.2,4.8,79.8
NA,NA,NA,NA,NA,7,78.7
NA,NA,NA,NA,NA,10.5,79.4
17.4,84.2,29.7,NA,23.8,6.9,79.7
NA,NA,NA,NA,NA,NA,78.7
13.5,NA,NA,NA,16.9,7.3,79.4
NA,NA,NA,NA,NA,6.6,78.1
17.9,80.3,26,NA,27.8,10,80.1
11.2,NA,15,NA,NA,5.5,79.8
15.1,73.9,20.2,22.2,20.2,4.6,79.8
NA,NA,NA,NA,NA,4.8,78.9
NA,NA,NA,NA,NA,NA,78.7
21.4,72.8,21.5,25.9,17.4,4.6,79.4
16.9,79.9,24.5,25.6,24.8,2.9,78.9
NA,NA,NA,NA,NA,7.1,79.5
14.7,75,19.9,NA,27.9,7.6,77.9
12.6,77.7,22,16.2,14.9,2.3,81
13.5,NA,NA,NA,19.6,8.7,77.5
18.8,75.2,26.8,34.2,22.2,7.6,76.2
NA,NA,NA,NA,NA,7.9,79.1
17.3,85.3,24.6,22.6,26.3,5.2,78
20.5,81.6,22.5,21.2,20.6,3.9,79.2
NA,NA,NA,NA,NA,4,76.8
NA,NA,NA,NA,NA,NA,77.8
13.6,NA,NA,NA,NA,3,78.9
22.7,79.8,23.4,34.6,21.6,7.2,79.2
14.5,77.1,21,19.6,17.9,5,80
NA,NA,NA,NA,15.1,2.7,79.8
17,79.5,24.6,20.2,23.9,5.7,79.1
17.2,76.8,20.9,22.2,18.3,7.3,80.5
22.2,NA,23.4,NA,19.3,7.6,79.8
11.6,NA,9.2,17.6,17.4,3.6,79
21.3,81.7,24.1,29.6,25.7,6.9,79.2
14.2,73.4,20.6,25.8,26.3,3.4,78.5
NA,NA,NA,NA,NA,NA,78.7
14.8,73.4,18.2,20.1,19.2,4.3,78.8
16.6,NA,18,18.4,23.6,5.4,79.4
21.3,77.6,29.2,NA,23.2,9.7,78.1
20.6,83.2,23.4,15.3,26.6,5.1,79.2
21.7,76.2,29.8,NA,23.3,6.7,77.2
11.9,76.6,21.4,21.7,25,8.3,78.2
15.5,NA,NA,NA,NA,6.5,80.3
NA,NA,NA,NA,NA,9.5,77.5
17.5,80.3,25.2,27.9,23.3,6.6,79.8
NA,NA,NA,NA,NA,NA,78.1
30.4,82.9,20.7,NA,21.1,8.4,78.2
NA,NA,NA,NA,NA,NA,79.5
21.8,NA,20.7,NA,15.7,8.8,77.8
NA,NA,NA,NA,NA,NA,78.2
18.7,NA,23.3,NA,21,4.2,79.2
22.8,78.8,23.1,22.5,35.5,5.7,76.5
NA,NA,NA,NA,NA,NA,80.3
20.5,NA,28,NA,12.3,4.5,79.4
16.4,77.3,25.4,25.9,18.2,6.3,79.7
NA,NA,NA,NA,NA,NA,76.8
NA,NA,NA,NA,NA,3.7,78.3
24.1,NA,24.5,NA,22,5.3,79.5
24.6,84,25.5,NA,21.9,5.1,78.8
22.2,86.4,19.8,NA,26.9,7,77.5
20.1,72,24.2,22.7,23.8,7,78.5
14.7,72.7,25.8,31.3,18.7,5.9,79.8
17,86.8,30.3,22.2,15.9,2.4,77.4
28.7,82.3,28.3,NA,20.3,12,73.9
NA,NA,30.3,NA,13.3,18.2,74.1
24.4,82,21.9,21.3,20,6,76
34.5,79.2,26.8,NA,25.7,11.1,71.9
29.7,83.2,28.1,29.7,31,9.1,74.4
NA,90.1,NA,NA,NA,10.3,72.7
30.8,84.3,33.5,37.7,29.1,13.8,73.2
42.9,82.7,29.4,30,24.6,11.1,75.6
34.5,81,25.1,NA,34.2,8.9,75.9
NA,NA,NA,NA,NA,15.9,71.2
31.3,82.8,34,35.6,21.9,10.4,71.4
30.2,82.9,26.9,28.9,24.2,6.8,76.1
37.5,NA,31.6,NA,26.2,12.2,72.7
NA,NA,NA,NA,8.2,NA,72.1
32.7,84.4,27.6,32,24.7,11.1,72.1
38,NA,20.6,NA,28.4,9.6,73.9
25,91.4,29,NA,30.9,5.9,72.7
35.1,84.8,36.3,NA,25.2,7.4,71.1
NA,93.8,NA,NA,21.7,9,71.2
29.4,89.5,27.6,27.6,37.1,8.6,73.4
29.6,84.1,32.7,NA,23.1,10.2,73.6
36.7,86.4,29.7,NA,28.3,10.6,74
36.4,76.5,25.1,33.8,33.3,10.6,73.3
NA,NA,NA,NA,NA,11.3,71.2
33.2,90,24.9,NA,30.8,6.1,75.8
31.1,92,32,NA,23.1,12.8,73.4
34.7,80.4,33.5,34.1,24.3,12.3,73.2
39.5,83,35.7,40.8,24.6,10.2,71.1
31.8,86.5,22.9,NA,23.2,9.3,74.7
32.8,NA,NA,NA,23.2,8.4,72.9
34.2,NA,NA,NA,18,7.2,74.2
34.3,NA,38.9,NA,20.3,9.5,75.3
29.4,86.9,28.9,NA,NA,8.1,72.1
36.1,82.6,24.5,NA,25.5,10,74
38.8,90.5,33.6,NA,21.7,9.7,72.3
34.4,85.1,30,NA,26.4,11.9,73.6
NA,NA,21.6,NA,22.2,9.2,75.3
30.1,80.5,28.2,47.1,25.3,12.2,72.6
32.3,NA,NA,NA,12.4,7.7,71.9
37.9,NA,29.8,NA,17.3,12.5,74.7
31.1,NA,32.7,NA,21.1,9.7,73.6
27.8,83.8,27,NA,26.9,9.1,70.1
36.7,78.4,35.7,33.6,27.1,7.6,72.7
30.6,85.7,24.6,NA,28.9,10.6,72.5
29.6,85.4,24.6,26.6,26.2,8,74.8
31.1,82.1,28.1,29.6,22.2,6.6,73.3
NA,NA,NA,NA,NA,10.6,71.9
32.6,85.6,31.1,NA,26.2,8.5,73.6
33.3,74.4,24.1,30.8,25.9,8.9,73.8
NA,NA,NA,NA,NA,14.8,73.6
38,89.6,27,NA,32.1,14.9,71.9
31.4,81.1,25.1,31.6,30.3,9.8,74
29.5,80.7,26.8,29.3,28.5,10.5,73.4
31.9,81.5,26.1,29.7,21.6,9.2,73.5
35.5,86,28.9,NA,27.7,13.3,72.1
NA,NA,NA,NA,NA,3,72.1
NA,NA,NA,NA,NA,NA,72.1
37.7,86.6,28.4,NA,23.2,9.6,73.3
28.1,75.9,26.1,30.4,28.2,9.6,74.2
29.6,81.8,34.5,NA,25.3,9.6,74.2
35.5,88,28.6,NA,20.9,10.9,73.9
NA,NA,NA,NA,NA,11.3,71.9
34.4,NA,27.5,NA,21.8,7.8,72.5
34.2,84.4,29.9,34.7,23,9.4,74.3
NA,NA,NA,NA,NA,8.8,74.1
20.4,82.3,22.3,24.2,21.9,6.8,75.5
26,79.7,29.2,25.4,27.1,7.2,75.8
27,78.6,26.5,33.4,24.5,8,73.1
37.6,84.1,35.5,NA,30.8,9.1,73.4
39.1,84.6,29,NA,20.1,12,72.7
30.8,87.3,28.4,NA,18.5,11.4,72.7
33.1,77.5,25.5,35.7,19.7,9.8,74.4
49.5,86.3,30.7,39.6,25.5,11.9,72.5
29.3,88,27.1,36,27.8,8.4,72.9
30.4,80.6,24.3,28.2,23,10.6,74.8
21,80.8,25.8,21.9,16.8,5.5,73.7
38.7,80.6,31,25.1,34.9,10.4,72.2
31.3,80.6,38.6,NA,31.2,14.3,72.2
34.6,83.2,28.5,41.6,25.4,9.9,74.4
26.2,83.2,31.3,NA,25.3,11.9,72.9
36.8,81.9,26.8,30.7,26.2,8.6,73.7
NA,NA,NA,NA,NA,12,73.6
NA,NA,NA,NA,NA,NA,76.9
24.6,82.6,23.8,24.8,24.5,7,77
NA,NA,NA,NA,14.2,6.6,76.1
37.9,84.4,25.8,24.1,33.7,7.6,75.6
28.6,82,29,NA,15.6,12.1,76.2
26.2,NA,23.5,NA,26,5.2,75.8
31.8,76.1,29.3,NA,27.8,8,76.5
NA,NA,NA,NA,NA,6.2,76.3
36,81.3,24.5,NA,26.6,6.7,75.8
29.8,72.1,28.3,NA,26.1,10.7,76.5
25.9,NA,18.4,NA,NA,2.9,75.3
NA,NA,NA,NA,NA,NA,76.4
27.5,75.6,25.8,25.5,23.4,8,75.8
NA,NA,NA,NA,NA,6,73.3
18.1,NA,NA,NA,NA,4.1,75.8
29.5,80.1,24.9,30.8,26.6,8,75.9
NA,NA,NA,NA,23.1,11.1,76.7
26.7,NA,23.9,NA,36.3,5.9,75.8
NA,NA,NA,NA,NA,4.6,72.7
21.6,NA,20.7,NA,NA,13.4,75.4
31.2,84.7,27,NA,33.9,13.1,76.5
NA,86.7,NA,NA,NA,9.6,75.7
34.7,87.2,27.7,NA,30.6,9.3,75.3
33.6,83.7,24.6,NA,29.3,11.9,75.4
NA,NA,23,NA,29.5,12.7,72.7
25,81.4,26.5,21.4,24.2,6.1,76
25.6,83,25.9,35,18,6.8,79.3
NA,NA,NA,NA,NA,6.7,74.3
15.1,NA,16.7,NA,NA,9.9,75.8
NA,NA,NA,NA,NA,14.4,75.2
44.8,NA,30.1,NA,28.8,12.9,70.9
24.7,NA,25.3,NA,26.9,10.2,77.3
24.4,85.3,20.3,22.8,28.4,4.5,75.5
32.4,NA,24.6,NA,19.4,17.8,75.3
29.3,74.6,22,31.6,26.9,7.4,75.4
25.5,76.7,24.2,NA,22.4,8.7,76.3
22.2,78.9,24.5,17.7,20.6,5.6,78.6
29.2,87.5,17.2,NA,23.9,13.6,75.8
29.3,80.5,24.5,NA,32.9,7.5,75.2
NA,NA,NA,NA,NA,6.1,76.7
24,NA,24.7,NA,30,7.8,76.3
31.4,86.1,34.3,33.9,24,9.9,74.8
32,NA,31.9,NA,36.3,8.2,75.6
NA,NA,NA,NA,NA,8.4,74.9
NA,NA,NA,NA,NA,9.1,74.9
NA,NA,NA,NA,NA,12.7,74.3
19.5,75.7,20.9,23.2,21,5.7,78.2
NA,NA,NA,NA,NA,NA,75.8
20.5,NA,NA,NA,NA,6.3,77.3
29.9,80.8,30.9,38.9,30.5,10.7,73.6
19.6,79.2,20.6,26.1,19.6,5.3,77.4
31,83.1,26.3,38.6,33.2,11.4,75.3
NA,NA,15.3,NA,NA,6.2,76.1
NA,NA,NA,NA,18,5.7,76.1
21.7,78.1,19.8,18.6,25.4,3.7,78
23.8,80.6,20.5,21.3,18.2,6.2,77.9
37.2,83.8,27.8,26.4,29.6,6.8,74.9
NA,NA,NA,NA,NA,10.1,74.9
NA,NA,23.3,NA,NA,8.9,76.5
36,83.2,29.4,29.8,30,7.8,75.2
29.5,NA,21.8,NA,19.2,8.4,76.7
NA,NA,NA,NA,22,12.3,76.7
21.2,80.1,21.7,NA,23.7,7.8,76.7
29.8,79.1,21.2,NA,29.3,10.2,74.9
25.8,86,21.6,NA,NA,8.3,75.3
NA,NA,NA,NA,13.8,7,75.9
28.9,79.9,25.2,26.7,31.7,7.6,75.9
33.1,89.4,29.3,NA,34.3,8.8,73.4
34.5,NA,20.3,NA,NA,9.1,74.9
29,81.7,24,NA,32.2,5.1,76.5
NA,NA,NA,NA,15.6,NA,77
32.5,91.2,25.7,NA,24.7,8.1,75.2
35.6,78.1,36.5,42.5,35.6,13.4,73.5
38.4,89.7,25.3,NA,33.5,5.8,75.6
29.7,82,26.8,17.5,30.7,7.2,75.8
26.8,75.3,24.4,24.9,27.1,6.6,77.2
25.7,80.9,24.5,26.9,20.1,8.1,77.2
32.4,76.9,28.5,NA,23.3,7.3,75.6
NA,NA,NA,NA,NA,NA,74.9
29.8,80.9,28.9,30.2,25.7,6,77.3
NA,NA,NA,NA,NA,5.5,76.4
28.8,80.5,26,31.8,19.3,9.1,77.8
23.9,75.4,32,NA,20.5,8.5,76.5
23.5,76.3,21,19.6,23.9,4,77.5
28,83.8,NA,NA,NA,9.4,76.1
22.3,78.9,24.2,21.7,25.1,4.9,77.1
31,NA,22.7,NA,20.9,8.5,75.9
28.5,78.8,29.7,30.3,27,10.2,70.8
19.1,80.2,20.9,24.6,22.5,5.9,76.5
29.1,NA,25.8,NA,24.5,14.4,77.6
33.1,87.8,25.3,NA,NA,5.8,75.8
NA,NA,NA,NA,NA,NA,76.4
NA,NA,NA,NA,NA,3.5,75.3
30.4,89.2,30.1,NA,22.9,5.1,77.8
35,86.6,23.1,NA,35.4,5.9,75.6
41.2,NA,31.5,NA,23.5,6.9,77
32.7,NA,29,NA,NA,6.4,75.8
NA,NA,NA,NA,NA,5.7,75.2
35.9,76.5,25.8,NA,45.4,7.2,72.7
26.7,72.7,25.6,24.3,29.9,5.6,75.9
30.4,NA,23.3,NA,NA,8.1,75.7
33.5,83.5,26,NA,21.7,4.1,77
22.5,80.2,22.3,26.3,26.2,7,76.7
35.7,69.5,22.2,NA,34,9,76.7
32.5,82.6,25.2,NA,22,8.8,76.9
32.1,72.6,30.9,NA,24.2,11.2,77
37.4,80,NA,NA,23.3,10,75.8
NA,NA,16.7,NA,NA,7.5,75.3
NA,NA,22.3,NA,20.1,2.7,77.8
NA,NA,NA,NA,NA,11.6,77.6
31,82.5,21.2,34.5,22.5,7.5,75.4
NA,NA,NA,NA,NA,7.9,73.3
24.7,78.9,24.6,25.8,25.8,7.8,75.2
29.9,85,25.2,24.1,27.1,8.1,75.5
26.1,78.7,19.9,24,31.1,5.6,75.4
25,80.7,26.8,NA,21.7,11.5,75.3
29.9,73.1,27.9,NA,27.8,6.5,76.9
NA,NA,NA,NA,NA,NA,72.8
29.1,72.3,21.9,25.1,21.2,7.1,76.8
NA,NA,NA,NA,19,3.4,76.4
NA,NA,NA,NA,NA,NA,77.5
21.8,78.9,21.4,25.2,21.1,5.5,77.9
NA,NA,NA,NA,NA,NA,77.5
20.9,77.8,21.9,29.6,18.5,6.5,76.9
22.6,78.5,22.7,NA,15.7,4.4,76.8
24.9,74.3,18.9,26.1,22.2,5.8,77.5
NA,82.5,NA,NA,10.6,10.3,75.8
20.7,75.7,20.5,17.8,10.7,7.9,77.7
26.9,80.4,22.8,29,21.9,7.2,77.5
27.9,76.8,24.8,33.6,25.7,6.9,77.8
27.7,83.5,21,NA,25.7,3.8,77.5
23.5,74.1,24,22.5,16.2,6.5,76.4
16.3,71.7,14,21.3,17.8,5.1,77.3
13.5,77.3,11.5,15.2,14.9,2.9,79.3
NA,NA,NA,NA,NA,NA,75.8
30.4,79.1,29.9,27.2,35.3,10.2,74.4
NA,NA,NA,NA,NA,NA,76.4
15.3,NA,20.5,NA,15.5,11,77.8
29.9,80.4,32.6,24.7,30.7,9.4,72.8
22.5,76.7,24.3,25.7,26.2,6.2,76.9
18.1,80.1,15.3,21.8,21.7,5.4,77.7
24.9,NA,22.5,NA,11.6,8.5,76.9
22.3,75.8,20.8,24.3,23.6,5.6,75.6
19.5,78.6,20.5,21.1,18.3,5.7,77.7
NA,85.9,NA,NA,4.2,9.1,76.9
24.2,79.7,22.3,29,27.3,6.8,76.1
NA,NA,NA,NA,NA,NA,75.8
20.6,69.1,14.5,21,17.2,3.2,77.7
NA,NA,NA,NA,18.4,7.2,76.4
27.5,80.5,26.5,28.6,33.7,8,76.8
24.1,NA,20.8,NA,20.3,9.1,76.1
12.8,75.6,15,20,20.1,3.9,78.3
26.9,80.7,16.1,17.5,17.2,3.2,76.4
20.9,74.8,13.7,20.3,18.3,3.2,79.3
NA,NA,NA,NA,NA,NA,75.8
33.5,76.8,20.7,NA,14.9,6.5,76.8
26.8,75.9,27.9,NA,21.4,11.2,74.4
NA,NA,NA,NA,NA,NA,77.5
22.7,77.2,24.5,NA,23,7.9,77.8
NA,NA,NA,NA,NA,NA,77.5
26.7,72.5,21.4,NA,19.3,8.4,77.7
17.7,75.3,17.3,27.2,19.7,6.2,77.8
27.2,76.4,21.6,29.1,18.9,7.9,77.5
32.3,73.7,30.9,28.8,33.6,13.8,75.8
26.9,79.5,30.9,24.6,22.3,7.4,72.8
26.3,75.7,21,19.9,19.3,8.7,76.1
34.4,78.2,23.6,NA,19.5,5.5,75.8
23.9,78.9,16.9,28.7,21.7,4.8,75.4
31.7,79.1,18.8,23.1,22.1,5.5,79.3
22.6,70.8,19,NA,18.1,3.4,79.3
23.7,79.2,19.8,27.3,16.4,4,74.4
21.2,75.4,17.2,26.1,20.2,3.6,79.3
26.2,75.3,23.6,24.5,22.6,7.7,77.5
NA,NA,NA,NA,NA,NA,79.5
33.1,NA,NA,NA,24.8,4.2,76.4
29,77.3,25.5,NA,18.1,7.5,79
22.8,78.8,21.3,20.6,20.6,5.4,79
22.7,82.8,23.4,26.1,20.9,6.7,77.7
NA,NA,NA,NA,NA,NA,78.4
NA,NA,NA,NA,NA,NA,78.3
NA,NA,NA,NA,NA,NA,78.4
24.1,82.5,18.5,23.8,20.2,5.8,78.7
26.1,NA,28.8,NA,17.6,4.4,78.7
37.1,81.8,31.3,NA,23.2,9.4,79
26.9,78,23,NA,21.2,9.2,76.4
NA,NA,NA,NA,NA,13.1,78.7
29.1,NA,26.8,NA,24.2,7.8,77
25.5,82.4,24.6,NA,10.1,7.3,77.8
25,82.1,25.1,30.8,17,6.2,77
NA,NA,NA,NA,13,8.5,77
27.8,NA,18.6,NA,14.8,12.2,77.5
28.5,79,30.9,21.5,15.4,4.7,76.9
33.5,76.8,21.9,NA,23.2,6.1,77.4
22.7,80.3,28.1,21,27.8,5.8,78.3
20,84.5,20.7,22,16.8,5.7,79.2
22.5,86,18.9,NA,23.3,6.2,79
25.5,79.5,21.6,22.6,22.2,6.8,77.7
31.6,80,28.7,NA,22.6,7.2,77
NA,NA,NA,NA,NA,NA,79.5
22.9,82.1,28.1,24.1,18.5,6.2,78.7
18.9,81.2,25,20.3,19.9,5.4,78.2
26.1,81.2,23.6,23.3,18.8,7.4,78.5
25.1,77.2,26.1,25.5,22.1,8.8,77.4
20.4,77,21.7,21.5,15,6.4,78.9
NA,NA,NA,NA,NA,3.8,79.5
29.7,NA,28.2,NA,14.2,7,78.3
NA,NA,27.6,NA,NA,12.8,78.3
NA,NA,NA,NA,NA,NA,78.3
20,NA,24.5,NA,25.5,1.7,80.1
24.4,79.6,27.1,NA,19.7,8.8,77.8
NA,NA,NA,NA,NA,NA,78.4
26.3,NA,NA,NA,NA,14.7,77.4
24.1,84.9,25.6,NA,14.7,5.7,78.3
20.6,86.4,28.4,20.7,19,6.8,78.3
21.9,79.7,21.3,22.4,20.7,5,77.4
NA,NA,NA,NA,NA,5.9,79.5
30.5,NA,20.1,NA,22.5,3.7,77.8
NA,NA,NA,NA,NA,NA,78.3
16.8,71.8,29,29.9,18.1,6.1,79.2
23.1,82.1,24.8,21,20.4,4.3,79.4
22.7,81,24.4,27.4,21,5.5,78.2
24.7,79.4,22.1,NA,19.5,5.7,77.4
20.5,83.4,27.3,NA,21.8,6.6,78.9
25.1,84.2,26.6,23.2,24,7.5,78.5
25.2,NA,25.2,12.7,12.3,6.6,79
20.8,NA,19.2,NA,11.1,6.6,77.5
26.5,82.3,26.1,NA,18.3,5.8,78.4
25.5,85.5,19.4,27.7,23.7,7.5,76.4
22.9,77.9,24.7,18.8,19.3,5.9,77.8
30.5,76.5,21.5,NA,18.3,4.2,80.1
28.6,76.6,26.1,NA,16.6,4.9,80.1
27.2,76.9,23.4,NA,20.3,7.1,78.7
26.9,85.4,25.7,25.1,15.4,6.8,78.4
37.3,84.3,26,22.7,28.4,8.8,77.4
17.5,84,19.5,20.5,14.7,8.3,78.3
27.5,80.6,23,21.4,24.4,5.9,76.9
NA,NA,NA,NA,NA,1.1,76.4
22.2,NA,22.7,NA,26.6,8.8,79
26.6,79,25.3,28.1,23.4,6.8,78.3
22,82,22.2,21.5,22.8,6.1,76.8
NA,NA,NA,NA,NA,4.6,77.5
32.8,80.8,21.1,NA,10.7,9.5,79.2
NA,NA,NA,NA,NA,NA,78.4
NA,90.3,NA,NA,22,11.7,77.7
20.1,NA,26.5,NA,18.9,6.7,77.7
22.8,88.8,24,NA,20.1,5.5,77.7
26,84.3,25.8,27.6,22.7,7.7,77.4
NA,NA,NA,NA,NA,7.1,76.4
NA,NA,NA,NA,14,10.7,78.3
NA,NA,NA,NA,14.7,4.5,76.9
NA,NA,NA,NA,NA,NA,78.4
NA,NA,NA,NA,NA,11,78.3
27.5,82.9,24.8,23.6,22.3,6.3,77.2
NA,NA,NA,NA,NA,NA,76.4
29.5,77.7,27,23.3,16.5,6,79
24,NA,24.6,NA,12,7.7,77.7
NA,NA,NA,NA,NA,NA,77.7
NA,NA,24.5,NA,25.9,8.9,77.5
30.8,83.2,24.4,19.6,17.1,5,79.5
NA,NA,NA,NA,NA,NA,78.4
24,82.8,28.9,NA,16,6.5,78.3
33.2,81.2,24,21.6,19.9,7.4,78.7
NA,NA,NA,NA,20.3,6.7,77
25.9,76.9,24.2,14.4,17.4,5.5,76.9
NA,NA,NA,NA,NA,NA,78.3
NA,NA,NA,NA,NA,NA,75.7
20.9,79.3,22.1,18.2,24.1,5.8,75.7
21.9,82.1,23.4,NA,19.4,5,75.7
16.3,NA,26.5,NA,18.6,10.5,74.5
24.7,83.9,22.5,34.5,30.1,7.9,75.5
21.6,79,20.9,29,28,5.9,75.5
29.3,84.7,30.2,NA,38.8,8.3,75.5
28.3,78.6,27.7,32.6,28,9.5,74.5
18.8,NA,29.7,NA,NA,6,75.7
NA,NA,NA,NA,NA,NA,76.2
18.6,77.9,18,23.4,22.2,5.6,76.2
21.5,83.3,21.4,NA,18.5,6.7,75.7
25.6,78.3,21.6,24.8,25.7,7,75.7
25.9,77.1,19.1,20.7,23.5,5.8,75.3
15.5,76.7,15.6,28.5,22.1,5.3,79.8
25.4,85.4,23.2,23.3,26.5,5,77.7
NA,NA,NA,NA,NA,NA,75.5
21.3,73.6,20.5,22,21.5,5.8,78.4
19.6,70.3,20,23.3,21.2,6.2,78.2
20,71.7,21.1,22.2,21.5,5.8,78.6
22.5,70.3,20.2,26.1,23,6.4,78.1
20.1,72.9,21.8,25.2,25.1,6,77.3
21,74.3,19.8,25.6,22.7,6.4,77.8
20.5,69.3,16.3,26.3,21.8,6.8,78.1
17.9,71,21.3,24.5,23.3,6.5,78
28,73.1,23.6,28.7,27.9,7.3,76.2
17.8,68.6,20.4,22.1,18.8,5.6,78.7
31.9,71.8,24.5,31.1,26.6,12.7,74.7
30.6,70.6,25.2,26.9,17.8,7.8,74.7
24.5,76.1,22.4,25.8,22.8,8.1,76.7
33.7,75.9,21.2,24.2,20.3,6.3,76.7
16.2,75.1,15.6,22.1,15.3,5.8,79.5
29.3,73.3,25.8,28.7,24.5,9.3,75.5
24.1,72.3,19.7,27.2,17,6.8,77.1
25.1,75.6,19.1,24.2,17.1,7.1,78.3
22.1,72.5,17.1,25.2,20.3,5.5,77.6
20.5,72.2,16.3,23.5,15.8,5.4,79.3
28.4,70.7,22.8,29.3,21.5,8,77.8
31.2,75.3,21,24.8,19.1,6.9,77.1
36.3,78.9,26.8,28.8,24,7.1,75.3
19.3,73.7,17.1,24.2,15.2,4.7,79.5
23,70.8,22.5,25.6,23.2,5.3,77.6
28.1,72.6,20.7,25.8,19.2,7.5,77.7
23,71.8,16.2,26.4,16.6,5.6,79.9
26.3,69.4,24.5,24.8,19.3,6.7,78
25.2,72.7,21.8,24.6,21.1,7.1,77.6
28.5,76.6,24.1,26.8,23.3,7,75.8
27.3,68.9,19.9,34.2,24.1,9.5,76.6
NA,NA,NA,NA,NA,7.5,77
27.7,81.1,22.6,19.9,18.3,6.9,78.5
30.7,80.9,29.9,27.4,25.2,9.4,75.2
23.4,76.1,20.2,26.5,20.3,9,76.6
NA,91.7,20.1,NA,NA,NA,77
18.9,78.1,17.5,20.2,21,5.4,77.7
NA,NA,NA,NA,NA,NA,78.4
25.5,NA,24.9,NA,NA,9.6,76.6
34.6,78.6,27.5,22.4,29,7.3,75
22.8,77.3,15.6,30.5,22.8,6.7,76.8
12,66.8,12.8,19.7,11.1,3.1,79.6
35.9,81,25.3,31.7,22.3,9.3,76.6
22.4,72,26.8,17.9,17,10.4,74.5
21.1,87.5,20.6,NA,24.7,15.5,78.4
22,77.7,24.8,23.2,25.2,8.4,77.7
35.3,78.7,24.8,24.3,27.7,6.7,77
28.3,78.9,19.7,16.8,25.4,7.7,74.2
26.7,NA,16.1,NA,16.6,3.1,77.4
33.8,81.4,20.5,22.5,24.1,6.8,77
21.7,78.3,22.9,21.2,20,6,79
21.6,77.6,22.3,21.7,23.5,5.9,76.4
26.7,81.8,21.5,19.1,26.5,7,75.8
18.1,75.5,14.7,18.6,19.7,4.2,79.6
25.4,75.2,24.4,NA,24.8,8,76.8
27.8,77.8,19.8,27,25.4,10.4,77.4
21,72.1,17.7,21.1,20.3,5.8,78.7
27.9,84.9,25.2,NA,28.1,8.3,77.4
24.8,NA,15.5,NA,20.5,2.6,78.4
30.2,81.1,24.1,27.2,23.9,9.4,76
27.7,79.8,22,22.3,24.9,6.2,76.1
28.3,82.9,26.6,17.5,23.7,10.5,76.1
24.5,80.6,20.4,21.4,21.5,8.4,78.4
26.4,80.8,22.4,18.6,25.1,5.3,76
25.2,84.1,25.5,27.1,35.1,7.9,77.1
27.5,73.7,19.8,25.2,20.9,6.3,77.9
25.2,76.7,22.6,24.5,30.9,9.7,75.4
21.3,80.4,21.7,NA,24.6,5.7,78.3
17.4,63.1,18.8,25.2,16.3,4.8,79
21.4,71.6,22.7,30.6,23.2,9.5,77.5
17.7,NA,22.6,NA,29.9,11.4,77.8
24.9,NA,25.4,NA,24.2,5.4,77.5
28.5,69.8,24.9,25.6,29.6,8.1,77.3
22.7,67.3,15.2,22.7,13.9,6.7,79.5
27.1,80.3,23.6,NA,32.7,6,78.4
20,NA,25.7,NA,19.9,6.4,77.9
NA,NA,NA,NA,NA,7.9,77.1
25.8,76.1,25.8,30.4,24.3,7.1,77.7
23.8,79,27.9,29.8,25.9,9.2,77.1
22.5,77.9,34,NA,19.3,9.6,77
26.6,71.9,22,24.8,24.4,6.6,77
25.9,69.7,20,28.8,21.9,6.8,77.7
27.8,NA,25,NA,20.8,7.2,77.4
22.1,81.8,17.3,NA,27.8,3,77.1
33.5,83.7,26.6,NA,23.8,9.8,77.9
23.6,73.2,20.8,26,21.7,8.2,78
23.9,73.7,23.9,26.3,22.7,8.1,76.9
24.8,NA,16.3,NA,15.5,5.3,77.2
23,NA,24.5,NA,28.3,9.9,77
23.9,86.7,20.5,NA,31,2.8,77.5
26.7,74.6,17.3,21.3,24.2,9,77.8
NA,NA,20.3,NA,29.5,8.8,76.5
26.8,77.4,NA,NA,NA,10.2,77.1
NA,NA,NA,NA,NA,NA,77.2
25.7,74.4,23.6,NA,21.1,10.9,77.8
21.7,70.1,25.9,31.1,34.2,8.2,77.6
34.6,73.5,23,23.6,18.7,8.8,76.7
NA,NA,27.7,NA,19.4,14.9,78
17.7,NA,20.1,16,22.1,4.9,77.6
22,NA,28.1,NA,29.1,4.8,78.1
23.6,72.6,22.2,26.1,22.2,7.3,78.2
33.6,NA,23.5,NA,30.4,5.6,78.2
25.3,73,16.6,24.5,18.1,6,79.2
35.5,73.8,24.4,24.5,19.6,9.2,75
24.5,71,15.9,23.1,18.7,6.6,78
24.4,75.5,25.4,27.8,26.5,7.1,76.7
23.4,74.4,21.1,34.1,23.3,7.4,77.4
22.5,72.3,22.8,26.4,21.7,6.4,77.6
16.9,68.5,19.3,21.3,16.1,6.2,77.9
25.4,75.9,23.9,28.1,23.2,6.5,77.4
NA,NA,27.3,NA,21.3,10.3,76.8
25.7,82.8,26.6,20.3,32.1,5.8,76.5
20.5,75.3,21.1,NA,25.4,6.4,78.5
21.4,NA,17.2,16.8,19.6,5.8,79
20.9,76.5,23.2,31.7,25.9,8.8,77.7
33.5,73.9,17.1,22.9,16.6,6.3,79
20.4,74.2,23,33.2,25.1,9.8,76.8
28.3,77.8,22.6,20.9,27.3,6.6,77
28.1,71.4,18.1,28.6,17.8,8.7,79
25.8,74.2,25,32.1,25.2,10.6,76.5
18.4,76.4,20.4,22.6,23.4,6.5,79
23.2,67.9,25.2,30.8,21.4,9,77.9
NA,NA,16.9,NA,NA,4.9,77.3
NA,NA,NA,NA,NA,1,77.1
NA,NA,23.2,NA,NA,4.6,78
26.9,75.2,19.9,NA,28.9,4.4,76.2
31.9,76.5,25.1,24.2,26,7.9,75.1
NA,NA,NA,NA,NA,6,73.6
30.6,79.8,23.8,33.5,26.5,8,74.5
34.9,81.2,25.8,NA,25.1,8.7,73.2
26,74.6,28.6,NA,24.1,6,75.9
30.3,78.7,22.3,NA,26.8,14.9,78.2
28.4,NA,16.1,NA,17,6.9,77.8
28.4,NA,NA,NA,NA,4.5,77.5
24.6,86.3,NA,NA,20.1,10.6,71.2
22.2,77.5,20.4,24,18.6,5.3,76.9
30.8,NA,16,NA,24.8,6.3,76.1
NA,NA,NA,NA,NA,18.3,76.1
33.1,NA,29.5,NA,28.5,8.8,75.6
29,74.9,27,41,21.2,5.3,77.7
31.6,78.2,27.3,31.7,25.5,7.8,74.5
20.4,75.9,20.9,26.1,21.7,7.3,76.9
34,NA,33.1,NA,NA,14.9,73.9
23.1,68.8,19,20.4,33,5.1,75.2
15.2,67.4,19,20.8,16.7,4.9,77.9
13.7,NA,19.1,NA,NA,5.9,74.2
29.6,NA,32.7,NA,24.2,8.5,75.1
31.8,79.3,33.8,NA,26,17.2,74.2
21.3,NA,23.4,NA,29.9,6.2,76.3
NA,NA,NA,NA,NA,4.6,74.8
32.6,87,29,NA,28.3,6.3,75.2
26.1,83.9,25.4,27.6,24.7,8.6,74.7
NA,NA,NA,NA,24.7,6.9,78
26.7,77,24.7,25.3,26.7,6.3,76.8
33.3,84.5,33.1,NA,26.4,8.5,73
43.6,86.8,31.5,29.5,30.2,11.9,71.5
27.9,70.6,29.3,29.3,34.5,8.1,75
33.2,80.6,25.1,36.6,28.9,10.6,75.3
NA,NA,NA,NA,15.9,18.3,73.2
30.7,72.4,19.4,28,20.6,5.3,74.7
41.2,81.5,32.1,33.6,27.3,9.6,74
36.1,79.4,29.2,NA,33.6,12.6,72.2
24.9,72.9,20.9,21.3,24.7,8.4,75.2
31.8,72.7,20.6,NA,31.3,12.2,76.3
35.5,81.2,26.2,33.1,30.8,9.1,75.9
NA,80.9,26.3,NA,NA,8.9,75.8
17.8,NA,NA,NA,NA,5.8,78.2
NA,NA,NA,NA,NA,NA,73.2
24.8,75,28.8,24.7,22.2,4.3,76.4
37.9,83.5,33.8,21,22.8,11.3,73
31.1,80.8,28.7,NA,26.1,12.7,72.3
18.1,77.4,19.4,19.9,17.7,4.9,78.1
28.6,NA,NA,NA,21.2,17,73.9
23.3,NA,NA,NA,20.2,7.8,73.2
22.3,64.7,15.6,23.8,28.3,8,78.6
32.1,80.3,25,36,30,11.7,73.7
29.6,74.5,23.1,31.4,23.7,9.8,76.1
28.8,79.2,31.1,41.1,23.1,12.7,73.7
34.8,76.6,22.9,22.3,30.8,7.6,76.4
NA,NA,12.1,NA,NA,11,77.5
25.9,75.1,25.8,24,28.7,9.8,75.8
25.5,81.1,25.1,27.9,30.2,9.1,75.9
22.8,72.3,21.6,26.4,25.1,6.9,76.4
25.5,78.4,26.5,26,33.5,7,76.2
27.9,73.7,25.1,23.8,23.4,10.9,76.3
31.1,84.6,27.8,36.9,24.7,10.3,75.8
NA,NA,NA,NA,NA,NA,75.1
24.9,76,24.5,29.8,21.6,8.3,76
NA,NA,NA,NA,NA,5.1,74.2
26.8,83.1,24.6,30.7,22.4,7.1,75.6
27.5,NA,20.3,29.1,21.6,4.9,77.3
27.8,80.1,23.9,NA,27.1,11.2,75.8
28.4,91.7,26.7,NA,25.9,7.1,76.2
NA,NA,NA,NA,NA,10.4,74.8
NA,NA,8.3,NA,NA,8.9,75.8
24.4,80.6,25.5,NA,27,8.7,74.4
39.1,87.2,30,32.4,28.2,11.5,72.7
20.9,73.9,22.5,28,22.4,9,75.5
24.6,80,23.5,30.7,27.7,7.2,74.3
26.7,89.5,17.2,NA,33.5,7.3,75.1
19.7,74.7,15.9,24.7,30,6.2,77.1
32.2,80.4,26.6,28.2,27.1,10,76.4
28.2,82.3,23.2,NA,23.1,6.5,76.4
NA,NA,NA,NA,NA,10.5,76.1
28.5,80.5,31.2,NA,21.9,8.4,73.6
23.6,66.8,21.1,24.9,19.4,4.3,75.6
34.5,83.9,34.6,NA,31.5,12.6,72
21.6,73.9,23,29.1,23.9,7.1,76.4
30.7,83.7,27.7,NA,26.4,8.5,74.9
30.4,86.8,28.6,28.6,28.4,12.2,73.9
NA,90.4,NA,NA,9.1,14.1,74.8
NA,NA,NA,NA,NA,7.5,75.8
26.9,82.7,27.1,NA,19.9,6.8,74.8
NA,NA,NA,NA,NA,14,73.2
29,NA,NA,NA,NA,11.4,73.3
23.7,74.7,22.1,28.5,21.2,8.2,76.7
33.8,85.1,34,33.5,20.6,9.3,73.5
26.2,75.2,26.5,23.6,26.8,7.3,74.9
31.6,70.8,23.7,36.9,30.4,8.6,76.9
23.8,71.6,19.6,28,23.6,6.1,78
36.2,85.8,36.9,NA,23.4,18.7,72.6
28.5,NA,30.7,25.6,36.1,8.9,74
NA,NA,NA,NA,NA,NA,73.2
25.2,78.4,24.3,28.8,27.2,6.4,75.9
21.3,NA,20.5,24.3,NA,6.7,76.5
30.3,72.4,20.7,28.1,28.4,7.6,76.5
21.6,78.4,22.5,22.4,22.2,5.6,78.7
27.6,73.6,29.1,33.1,14.1,6.4,76.8
21.4,77.8,24.3,26.7,24.9,5,78.4
27.9,NA,19.8,NA,16.7,11.1,76.7
27.9,92.5,NA,NA,12.9,4.3,77.2
18.2,79.8,20.9,19.5,19.3,5.3,80
18.9,80.2,20.9,20.2,21.3,4.9,79.1
24.5,71.4,27.9,NA,15.2,9.8,77.2
27.6,NA,22.6,NA,14.8,9.4,76.7
35.2,77.8,20.6,25.3,14,7.1,78.3
NA,NA,NA,NA,14.2,3.2,77.2
22.6,NA,23.5,NA,16.8,5.7,77.6
NA,86.4,19.7,NA,22.4,6.5,76.8
32,NA,31.4,NA,13.4,8.9,76.7
19.3,77.3,19.9,NA,16.5,7.3,76.8
NA,NA,NA,NA,NA,NA,77.6
18.8,78.1,20.7,19.1,20.5,5,78.9
27.5,NA,16.4,NA,12.7,6.3,76.7
NA,NA,16.6,NA,18.3,2.8,78.3
21.9,73.9,24.7,32.2,20.4,5.4,78.3
25.4,87.1,NA,18,NA,5.8,76.7
32.6,NA,16.4,NA,23,2.7,76.8
32.4,NA,21.8,NA,19.3,7.8,78.3
NA,NA,NA,NA,NA,NA,78.3
29.5,72.9,28.1,28.8,17,12.4,76.3
29.6,NA,34.6,NA,14.4,8.5,78.3
28,73.3,31.8,27.5,27.5,6.7,77.6
29.6,77.5,25.8,27.5,20.1,7.1,77.6
21.4,77.5,28.7,21.6,24,5.7,78.1
23.9,79.3,25.6,26.8,22.8,5.5,78.1
38.9,76.8,19,28.5,24,9.6,76.8
34.8,73.8,33.2,24,29.2,7.1,77.2
32.1,NA,29,NA,20.4,9.9,78.3
NA,NA,NA,NA,NA,NA,77.6
25.8,72,24.2,27.7,16.7,8,77.2
26.4,86.1,22.2,30.4,21.8,8.2,76.3
24,80.3,25.8,23.1,24.5,7.2,77.2
28.4,73.9,24.2,30.8,21,6.6,78.3
30.8,80.2,17.8,NA,16.6,11.8,77.2
23.9,78.2,24.8,23,23,3.7,78.3
29.3,81,37.2,21.9,35.6,13.7,76.3
NA,NA,NA,NA,NA,NA,77.6
31.7,74,23.2,25.8,21.2,4.6,78.3
NA,NA,NA,NA,NA,NA,76.8
21.9,NA,NA,12.9,NA,15,76.7
NA,NA,NA,NA,NA,NA,76.7
18.4,75.4,22.6,23.3,19.5,4.5,79.5
NA,NA,NA,NA,20.5,5.3,78.9
22.8,78.4,25.6,31.2,19.6,7.8,78
28.9,80.8,20.4,NA,16.3,4.4,76.8
21.1,79.3,27.9,18.1,14.3,6.4,78.9
25.9,78.1,19.3,27.7,24.9,8.5,77.2
25.5,79.1,22.9,31,21.7,3.1,77.2
NA,NA,NA,NA,NA,10.6,75.9
21,74,21.3,20.6,21.4,6.5,78.5
NA,NA,NA,NA,NA,NA,74.3
NA,NA,NA,NA,NA,8.6,77.9
16.3,77.1,29.7,24.1,22,6.8,77.4
NA,NA,NA,NA,NA,NA,76.6
25,76.6,24.2,25.7,22.5,8,75.6
NA,NA,NA,NA,NA,NA,76.6
NA,NA,NA,NA,NA,3.9,77.2
27.2,78.7,22.1,NA,29.9,8,75.8
NA,85.8,NA,NA,NA,8.2,77.5
NA,NA,NA,NA,NA,NA,76.6
NA,NA,NA,NA,15.8,NA,77.2
NA,NA,NA,NA,NA,NA,76.3
NA,NA,NA,NA,NA,NA,75.2
NA,NA,NA,NA,NA,6.6,75.6
NA,NA,NA,NA,NA,NA,73.7
16.6,77.1,21.7,21.1,24.1,4.6,77.8
NA,NA,NA,NA,NA,4.9,77.5
NA,NA,NA,NA,NA,NA,78.1
27,77.2,22.4,25.3,23.6,6.4,76.3
NA,82.1,NA,NA,NA,11,75.9
29.3,85.7,31.3,NA,NA,10.8,75.2
26.1,75.5,NA,NA,NA,9.2,77.2
39.5,85.8,31.3,NA,NA,6.8,73.4
NA,NA,NA,NA,NA,6.6,76.9
NA,NA,13.4,NA,NA,2.1,77.5
29.6,77.1,22.8,27.1,24.4,8.1,77
24.9,77,21,24.1,28,6.9,76.9
25.8,79.1,30.1,32.4,25,7.8,76.2
28.9,85,33.9,26.1,23.5,7.3,76.9
NA,NA,NA,NA,NA,7,77.4
NA,NA,NA,NA,NA,9.5,74.9
NA,NA,NA,NA,NA,NA,77.3
NA,NA,NA,NA,NA,NA,74.2
19.3,72.5,19.2,20.3,19.4,6.2,77.5
26.5,75.5,19.9,23.7,32.7,9.5,76.3
29.7,80.4,24.3,22.5,26,9.2,77
NA,NA,NA,10.8,NA,5.3,77.5
23.4,83.1,24,24.2,17.4,5.9,77.8
NA,NA,NA,NA,NA,NA,77.1
23.2,76.6,28.8,24.5,25.2,6.8,76.3
NA,NA,NA,NA,NA,5.3,77.6
NA,NA,NA,NA,NA,NA,73.6
NA,NA,NA,NA,NA,14.1,76.4
21.1,73,35.5,28.7,24,8.9,75.2
20,74.6,22.4,20.1,24,4.1,76.1
NA,NA,NA,NA,NA,NA,76.3
28.4,76.9,19.2,22.3,27.8,7.1,76.2
NA,85.5,NA,NA,NA,8.5,75.5
NA,NA,NA,NA,NA,6.5,75.9
24.6,77.3,23.6,26,23.9,7.5,76
NA,NA,NA,NA,NA,8,77.4
NA,NA,17.9,NA,NA,10.2,77.7
30.7,74.5,NA,20.7,23.2,1.9,76.5
12.7,74.7,20.2,22.7,17.6,5.6,78.4
NA,NA,NA,NA,NA,8.9,76.7
22.4,75,23.5,27.5,21.3,8.3,77.2
NA,NA,NA,NA,NA,NA,74.4
23,76.7,23.3,22.9,24.4,6.2,75.7
14.9,NA,11.6,NA,NA,5.2,77.7
NA,NA,NA,NA,NA,9.4,74.6
19,NA,28.4,NA,18.2,11.4,79.7
19.5,72.8,22.6,21.2,20.4,8.5,77.8
NA,NA,19.1,NA,NA,5.7,75.7
NA,NA,13.9,NA,18.8,4.3,77.8
23,73.5,22.5,24.7,22.6,7.6,76
28.4,85.1,24.6,NA,19.7,11.9,78.1
NA,NA,NA,NA,NA,NA,76.7
NA,NA,NA,NA,NA,NA,75.7
NA,NA,NA,NA,NA,NA,77
NA,NA,NA,NA,NA,5.8,75.1
NA,NA,NA,NA,NA,NA,74.8
NA,NA,NA,NA,NA,NA,78.1
21.1,82.6,NA,NA,NA,10.5,76.5
NA,NA,NA,NA,NA,7.9,74.2
NA,NA,17.8,NA,35.4,7,75.8
28.8,81.2,NA,NA,NA,14.3,75
NA,NA,NA,NA,NA,3.2,76.8
23.9,80,15.8,19.5,32.8,8.1,77.8
NA,NA,NA,NA,NA,5.8,74.1
26.5,77.7,27.9,25.2,28.7,9.3,76.2
NA,NA,NA,NA,NA,12.2,76.3
27.2,78.6,25.8,26.7,26.7,6.8,77.2
26.6,79.8,25.9,23.4,27.7,8.6,75.5
NA,NA,10.8,NA,8.8,3.4,75.1
27.5,78.1,22.5,25.3,23.1,7.4,75.5
22,NA,NA,NA,NA,4.1,74.9
36.1,85.9,28,33.6,26.8,9.2,74.2
37.5,83.1,21.9,NA,18.6,9.4,75.6
33.1,89.3,33.6,32.2,24,12.2,74.5
33.5,85.8,23.3,31,29.6,13.9,74.4
30.6,83.9,22.8,25.5,24.2,7,74.5
37.7,80.3,28.5,35.3,29.9,10.4,74.4
33.2,88.1,30.7,36.8,25.7,10.4,77.1
32.1,83.2,25.3,33.3,30.6,10.8,73.8
39.1,78.7,23.5,NA,36.7,10.1,75.6
23.3,85,21.2,24.2,19.5,6,77.9
38.9,82.6,35.4,NA,32.9,9.2,74.6
33.8,82.6,26.3,36.4,28.6,7.2,74.4
30,88.5,25.8,35.2,29.3,7.1,73.6
31.7,83.7,27,27.7,29.8,9.5,74.2
34.5,NA,24.2,NA,41.8,8.4,73.2
NA,NA,NA,NA,14.4,6.4,74.3
29.2,88.9,23.7,29,27.5,8.9,76.7
35,82.4,31.2,34.8,33.7,8.6,72
33.1,84.8,27.7,36.5,26.8,10.2,74.6
36.6,86.3,28.3,32.3,23.2,10.2,75.4
30.4,84,20.6,21,24.8,5.5,76.4
34.7,85.6,20.9,34.3,34.5,7.9,74.5
34.7,NA,NA,NA,NA,17.6,74.1
27.6,83.7,22.1,26.8,23,6.9,75.5
28.4,89.2,24.7,30.6,28,7.9,77.7
29.6,77.9,20.1,33.8,24.9,9.9,77.1
24.8,79.5,22.5,NA,23,6,74.8
30.6,NA,16.9,20.5,27.4,3.2,76.3
28,84.1,29.8,30.8,26.7,9,76.3
31.9,86.8,28.5,41,26.7,10.5,72.6
25.1,84.3,21.7,24.2,26.4,5.8,76.9
35.9,84.9,22,33.2,24.8,7.8,74.2
39.7,82.8,31.3,45.6,30.2,9.4,74.3
33.2,83.9,26.1,30.6,25.8,8.9,74.3
35.9,81.4,22.3,32.5,29.6,7.6,73.2
NA,NA,NA,NA,NA,7.1,76.4
23.4,84.4,20,24.1,23.1,4.7,77.6
NA,NA,NA,NA,NA,8,74.3
30.1,83.3,23.7,28.9,29.9,8.8,75.4
NA,NA,NA,NA,NA,8.3,74.1
39.5,85,22.5,32.4,27.7,7.7,74.5
34.7,84.8,26.7,32.6,25.2,6.6,74.7
28.7,81.7,24.3,29.6,22.7,7.2,74.7
NA,NA,NA,NA,NA,13.7,75.9
39.1,86.8,25,31,29.4,11.2,75.6
NA,NA,NA,NA,NA,6,75.9
NA,NA,17.7,NA,NA,4.2,74.3
28,84.5,28.8,27.7,26.5,7,75.3
35.5,81.3,25,34.6,27,10.8,74.1
29.6,83.9,26.7,26.5,21.4,6.9,74.8
22.2,93.1,24.5,NA,15.6,8.7,75.9
NA,NA,NA,NA,NA,12.7,74.8
NA,NA,NA,NA,NA,NA,74.8
NA,NA,NA,NA,NA,NA,76.3
35.3,87.5,23.5,NA,29.6,11.1,74.3
37.5,NA,24.3,31.8,26.4,6.5,74.1
32,88,22.7,31.8,29.8,6.2,74.3
30.6,77.9,25.4,30.4,25.5,10.4,75.5
NA,86.3,NA,NA,NA,10.1,74.1
33.6,NA,30.8,NA,23.3,9.9,74.6
29.9,83.3,25.4,30.6,25.6,9.5,75
29.1,75.4,27,31.2,22,5,74.6
34,NA,30.5,NA,31.8,14.9,74.8
33.7,89.1,34,NA,30.5,10.2,74.1
38.3,84.9,27.5,26.4,27.3,10.7,73.8
27.8,NA,23.1,17.5,NA,3.4,76.4
34.9,82.7,30.8,30.5,29.6,9,74.9
33.8,89.8,25.2,27,25.5,6.2,76.8
35.6,NA,28.6,NA,NA,12.5,74.6
28.2,82.2,25.7,27.4,22.8,6.9,75
35.9,85.5,29.9,33.9,24,7.2,72.1
40.5,85.8,26.1,43.8,35.6,9.3,74.4
NA,NA,NA,NA,4.9,6.9,75.9
38.2,83.7,33.6,NA,34.4,5.4,74.6
31.8,90.6,23.7,28.5,28.2,9.4,74.8
31.2,78.8,19.2,30.7,34.2,11.1,74.6
34.3,82.8,24.1,32.6,32,9.1,74.3
21.8,73,23.1,32,25.3,9.4,76.1
28.7,NA,29.4,NA,21.9,9.9,76.2
20.9,64,17.5,32.3,21.8,8.1,76.1
13.9,75,16.4,22.2,15.5,4.5,78.7
23.1,79.3,27.5,34,27.5,7.8,76.2
21.8,74,18.4,NA,21.9,10.5,77.2
NA,NA,NA,NA,NA,5,76.8
NA,NA,NA,NA,NA,NA,77.4
NA,NA,NA,NA,14,7,76.6
NA,NA,NA,NA,19.8,8.2,76.6
13.4,NA,25.1,NA,11.1,4.3,77.4
16.5,75,21.5,26.8,21.8,7.4,78
26.6,83.4,22,NA,18.1,8.3,80.9
26.8,76.4,30.5,27.2,22,10.4,76.2
20.7,72.6,23,28,27.1,7.4,76.8
23.6,76.2,24.2,29.8,24.7,7.1,75.5
24.3,NA,NA,NA,20.2,3.9,76.6
17.5,75.7,22.5,24.7,20.5,5.9,77.8
14.5,71.1,14.6,18.8,14.2,4.1,80.9
23.3,74.7,19.9,21.4,19.9,6.3,77.8
20.1,79.2,25,32.5,25.3,8.2,75.8
21,75.5,29.9,26.2,21.9,7.8,77.5
30,78.7,28.1,27.2,15.4,6.3,78.1
20.9,74.9,25.2,24.4,19.3,7.7,77.5
NA,NA,22,NA,16.9,8.3,76.6
16.1,72.6,19.4,21.2,20.9,6,76.6
19.2,73.4,20,23.6,15.5,6.3,80.9
NA,NA,NA,NA,NA,NA,77.4
22.7,72.8,22.7,28.7,19.9,4.3,77.1
25.9,79.6,26.1,28,23.1,7,77.1
15.8,74.3,20.6,22,18.9,4.5,78.4
27.9,77.6,25,30.6,29.4,7.5,74.8
20,78.6,21,25.3,22.5,5.3,78.3
19.9,NA,12.2,NA,10.7,4.4,77.2
23.6,76,24.6,27.7,21.8,8,77.4
15.5,71.8,19.6,20.2,16.3,5,79.5
NA,NA,NA,NA,NA,NA,76.2
21.2,73.8,26,21.3,19.4,7,78.1
15.6,75.4,22.6,21.7,26.8,7.7,76.5
23.7,75.4,25.1,27.1,19.8,8.8,74.8
16.7,77.6,28.7,31.2,23.3,7.7,76.5
20.9,70.7,19.7,23.8,18.7,6.6,77.3
22.6,64.6,24.6,18.4,14.3,7.5,73.9
28.4,74.5,26.4,30.4,28,8.4,72.3
28.5,NA,24.2,NA,21.4,7.5,78.2
12.6,NA,NA,NA,16.9,6.3,76.9
23.8,84.3,24.5,24.5,24.7,7.7,75.8
24.3,NA,26.1,NA,23.4,7.1,78.3
23.1,79.5,21.1,24.8,22.6,3.2,77
NA,NA,NA,NA,NA,NA,77.3
25.6,NA,21.9,NA,23,8.5,76.3
27.8,78.3,28,21.7,27.1,6.3,77.5
17.8,NA,25.3,NA,18.8,8.1,78.8
24.4,69.6,25.1,27.6,19,8.6,77.4
23.7,79.4,19.3,26.4,29.4,7.4,76.1
24.7,79.5,23.3,NA,24.2,9.1,76.7
28.5,76.6,25.4,29.7,25.5,9,77
33.4,77.9,22.5,NA,25.4,7.1,76.5
25.5,75.5,27.5,32.5,23.2,10,77.6
19,NA,30.6,NA,24.4,4.3,76.4
23.5,75,23.3,24.6,21.3,6.9,78.2
25.3,80.3,23.2,27.5,28.4,10.6,76.1
30.6,80.6,26.8,NA,23.8,7.6,77.3
21.3,71.9,18.4,24.7,18.2,6.3,77.7
19.8,75.3,25.2,27,19.1,7.4,77.9
22.7,73.4,26.5,24.3,21.8,9.1,78.2
26.9,73.8,26.7,28.3,21.8,10.6,76.9
26.5,81.9,26.1,28,24.7,7.8,77
NA,NA,NA,NA,NA,NA,76.9
27.9,71.7,24.1,NA,28.2,11.4,75.9
15.5,66.6,21.8,21.5,17.9,5.4,79.4
17.8,74,15.4,24.9,18.9,6,78.7
20.9,81.8,24.9,NA,21.3,5.9,76.3
25.6,78.5,26.6,35.4,21.4,9.6,77.5
23.9,NA,18.9,NA,21.8,6.2,76.7
20.7,83.1,25.5,NA,24.5,7.9,77.9
24.4,80.5,25.8,33.2,26,5.8,76.8
23.1,73.6,20.9,26.9,23.8,8.4,76.7
36.9,66.8,20,20.4,18.1,7,80
21.1,73.8,22,26.3,22.5,7,78.8
22,77.4,26.9,29.6,24.8,7.4,76.7
24.5,76.1,24.5,28.5,24,7,77
21.9,NA,26,NA,31.1,9,77.4
24.8,78.4,21.5,25,29.4,7.9,76.9
29.5,79.9,29.8,27.6,26.6,8.5,75.8
NA,NA,NA,NA,NA,NA,76.3
22.9,75.2,26,26.6,20.1,6.3,78
NA,NA,NA,NA,NA,12.5,77.7
28.2,79.9,31.8,NA,23.5,13.4,75.8
31.7,80.9,31.5,29,27.5,11.5,76.9
23.4,69.3,16,28.5,21.9,5.7,77.8
30,76.1,22.1,NA,17.9,9.6,77.7
22.3,83.7,21.9,23.1,24.3,7.5,77.2
28,77.3,31.2,NA,24.5,6.4,77.1
NA,84.3,20.9,NA,15.7,3.2,76.7
26,72,21.6,32.1,28.8,7.4,76.4
24.8,73.9,22.2,21.7,22.1,6.8,78.5
29.2,82.9,27,28,26,9.3,76.9
22.1,72.5,24.1,21.8,29.1,7.2,78.2
21.6,77.7,25,23.5,26.9,6.4,77.8
26.1,76.1,23.7,30.1,28.7,10.1,76
26.4,76,25.7,27.6,24.8,10,77.1
26.7,73.5,25.7,26.8,16.2,9.2,80.9
22.5,81.9,27.8,29.2,28.7,10.2,77.4
26.1,89,25.1,NA,29.5,11,75.7
25.9,81.8,25.7,25.2,28.6,9.5,76.6
27.6,82.1,24.9,NA,23.9,8.7,77
23.7,72.3,25.9,27.3,23.9,7.3,77.3
17.2,73,17.1,26.4,19,6.4,78.8
NA,NA,NA,NA,NA,7.9,77.4
22.6,73.4,24.7,28.6,19.8,7.6,78.8
23.4,85.1,27.8,27.3,26.1,7.2,76.4
22.6,75.7,28.3,17.5,24.8,7.5,75.9
26.5,77.1,27.3,NA,26,10.5,77.5
22.8,72.7,23.8,26,20.2,9.1,76.8
20.1,69.6,17.2,29.7,17.7,6,79.5
24.9,74.1,20.4,28.3,23.5,6.4,77.5
18.6,68.4,14.9,29.4,20.8,6.4,79.3
28,73.3,20,26.7,22.4,7,77.7
18.8,68.8,17.2,25,19.4,5.4,79.1
30.6,76,28.8,31.7,23.5,6.6,74.8
17.4,72.9,16.8,30.5,21,7.4,78.9
24.4,79.6,27.4,23.7,25.8,10,75.3
17.6,82.1,33.1,NA,20.8,10.6,74.3
20.7,74,21,25.2,22,8.3,75.6
29.1,85.5,25.1,29.8,31.6,13.4,76.8
36.9,81.3,25.7,30.4,27.1,8.4,74.1
26,NA,33.2,34.3,32.4,8.1,73.8
35.5,85.1,27.3,31.1,29.2,9.5,72.3
33.6,81.1,23.5,34.6,26.6,10.7,74
28.5,83.6,32.8,30.2,29.2,11.9,73.6
28.1,83,28.6,32.6,27.2,11.6,72.2
36.9,82.7,28,28.7,25.5,8.5,71.9
25.3,80.2,27,26.5,22.1,7.1,75.1
24.6,89.7,28.4,NA,23.2,6.4,74.7
31,79.9,32,NA,19.7,12.3,72.5
25.3,77.2,27,35,26.5,10.9,74.8
30,80.4,27.4,29.8,26.5,9.7,72.7
20.8,77.5,24.9,32.7,22.6,6.8,74.8
21.5,75.5,21.8,25.7,21.1,7.3,76.1
25.8,74.7,28.4,29.1,20.9,9.2,74.6
29.3,84.9,33.1,NA,17.9,11.3,74.7
22.3,75.5,25.1,28.6,31.3,7.7,75.5
31.5,NA,28.6,NA,30.6,10.3,74.7
29.9,82.5,29.3,34.4,31.6,10.6,74.9
30,73,28.5,27.9,24.7,8.4,73.8
30.1,80.2,30.8,35.3,28.2,9.8,74.4
NA,NA,NA,NA,NA,14.4,72.7
26,NA,30.3,NA,20.4,20.8,74.3
20.7,75.5,23.1,26.2,25,6.7,76.2
NA,NA,NA,NA,19.6,NA,76.8
31.7,77.2,34.9,44.6,25.9,11.5,71.4
43.3,80.4,35.4,36.8,35.7,10.9,69.6
34,79,25.4,36,23.5,11.4,75.8
22.9,74.1,22.4,30.7,23.5,9.1,76.5
30,79.5,35.2,35.7,21,9.9,72.8
26.4,77.1,20.1,25,24.1,7.8,76.7
20.1,73.6,22.2,25.5,20.1,7.9,74.7
25.7,78.7,26.7,32.3,24.7,9.4,74.8
25.6,83.4,28.6,NA,25,11.8,74.7
27.9,76.8,25.1,28.3,25.3,8.2,74.4
27.6,75.7,27.5,26.9,24.1,9.7,74.3
32.4,82.3,31.9,42.5,28.5,12.5,73
28.9,73.6,39.5,NA,24,10.9,72.3
23,75.9,22.2,27.1,25.1,7.6,75.7
31.6,82.1,40.2,NA,23.8,16.1,72.7
14.8,71,16.5,17.2,19.6,4.2,78.5
21.2,77.5,25.8,25.7,22.5,8.8,79.2
20.2,77.8,19,23.8,23.2,5.4,77.6
31.8,78,21.3,28.2,13.7,7.4,74.6
31.8,80.1,22.2,28.2,23.1,9.6,78
31.1,80.1,26.9,30.7,27.6,9,76.8
32.1,NA,26.2,NA,19.3,3.9,78.5
21.7,77.3,29.7,21.1,42.4,9.8,66.6
26.1,78.5,27.8,31.8,19.1,8.6,78.8
26,84.9,25.3,31.1,19.1,8.7,78
NA,NA,NA,NA,NA,NA,78
19.5,82.3,21.2,17.3,18.2,3.9,80.3
29.8,75.2,36.4,26.4,39.9,13.7,66.6
30.7,79.7,29.4,23.4,18.9,7.1,77
25,81.8,19.6,23.1,25.4,5.7,79.1
23.1,83.1,23.7,23.8,18.3,5.7,78.3
26.7,74.7,26.5,23.4,24.8,6.8,78
21.3,76.4,23,26.2,21.1,7.4,78.5
31.1,88,36,NA,34.4,10.3,74.6
21.9,82.3,24.9,23.7,20.3,6.7,78.1
29.7,78.9,26.1,29.2,18.6,10.2,78.8
NA,NA,NA,NA,NA,NA,77
28.1,78.1,25.4,27.5,25,8,77.5
NA,NA,NA,NA,NA,NA,74.6
25.1,80.5,28.7,27.5,21.2,10.1,78.3
NA,74.3,22.9,31.2,15.8,6.1,78.8
16.3,78.3,22.8,19.9,18.5,3.9,78.3
23.8,82.1,23,21.7,23.8,5,78.6
34.2,82.4,38.3,23.8,28.5,13.8,74.6
24,76.5,18.7,30.9,20.1,6.7,77.6
25.5,82.1,20.2,21.4,21.8,6.9,78.8
27.4,73.1,24,31.2,19.4,4.9,76.8
22.4,78.6,21.2,22.6,16.7,7.7,78.8
32.1,82.7,24.3,34.1,14.6,7,78.8
25.9,79.4,31.4,25.7,38.9,12.1,74.6
32.9,81.7,18.7,23.3,17,6.2,78.8
32.5,86,30.4,38.4,14.5,9,77
22.8,77.9,25,34.4,19.7,10.9,77.6
32.4,NA,23.1,NA,10.4,6.3,77
28.6,75,25,31.4,16.5,7,78.6
31.7,81.6,26.3,31.5,17.2,8.5,78.3
30.9,82.6,20.3,31.9,13,11.3,74.6
24.5,77.7,23.4,23.8,23.3,5.1,78.8
34.5,76.8,27.5,31,12.3,8.9,77
25.2,81.7,25.1,27.8,20.3,7.7,78.5
23.9,82.2,23.3,NA,21.6,4.4,79.1
NA,NA,NA,NA,NA,NA,77.5
19.7,80.3,23.9,27.7,17.3,6.8,78
28.2,73.9,21.9,25,13.1,5.7,78.5
NA,NA,NA,NA,NA,NA,77
22.7,75.8,NA,NA,20.2,12.2,66.6
32.7,74,26.4,29.8,14.3,6.2,78.5
NA,NA,NA,NA,NA,NA,77
37.5,82.2,30.3,34.4,17.3,7.4,79.2
25.6,83.7,23.5,25.1,22.5,5.6,79.2
22.4,80.3,22.7,33.4,28.8,5.1,66.6
17,78.1,14.5,23.4,20.5,6.2,79
19.8,83.9,18.9,18.7,20.6,4.3,78.5
31.1,74,29.3,17.5,30.4,7.2,77
23.1,81,22.9,24.2,15.9,6.2,79.1
23.3,NA,26.6,35.8,16,12.8,77
33.2,80,31.1,32.4,20,7.4,76.8
20.5,83.2,21.5,26.3,22.3,5,77.5
NA,NA,NA,NA,NA,NA,66.6
34.5,77.4,24.8,NA,14.4,11.8,79.1
20,82.1,21.7,22.6,22.3,5.3,78.5
27.9,73.8,22.3,31.4,16,6,78.3
NA,NA,NA,NA,NA,6.5,75
39.4,75.6,31.7,34,31.3,8.4,74.1
27.5,72.8,25.6,26.7,25.9,13,76
33.6,67.8,24.7,38.7,27.2,10.1,75.5
NA,76.1,20.6,24.1,28.1,7.9,73
NA,NA,NA,NA,NA,4.8,74.6
30.3,68.6,30.3,28.1,19.5,7.4,75
38.8,NA,27.8,NA,25.6,13.7,73.4
34.7,NA,NA,NA,NA,9,75.1
30.7,68,25.8,23.8,26.7,8,75.1
31.6,77.2,28.9,30.9,20.4,10.3,75.4
NA,NA,NA,NA,NA,2.6,75
34.5,73.3,NA,28,32.5,9.1,74.3
24.7,68.3,20,25.2,27.1,6.6,75.7
NA,NA,NA,NA,NA,NA,75.4
NA,NA,NA,NA,NA,8.4,74.2
41.9,69.8,27.5,37.2,29.6,4.3,73.9
NA,NA,NA,NA,NA,7.9,73.4
NA,NA,NA,NA,NA,NA,73.5
NA,NA,NA,NA,NA,NA,74
NA,NA,NA,NA,NA,8.2,74.3
NA,NA,22.8,32.4,NA,17.1,74.4
26.2,69.9,20.1,27.2,28.9,6.6,75.8
31.3,NA,NA,22.5,28.5,10.5,75
34.9,75.7,25.5,36.4,23.9,10.1,75.3
32.8,65.4,28.1,22.6,24.6,7.8,74.8
26.6,68.4,25.1,26.9,24.6,7.3,76.2
NA,NA,NA,NA,NA,10.3,74.2
NA,NA,NA,NA,NA,7,73.5
30.9,71.1,30.5,27.3,28.5,11.7,76.1
32,72.1,27.8,28.6,21.3,7.7,73.2
NA,NA,NA,NA,NA,10,74.6
NA,NA,NA,NA,NA,6.2,73.8
NA,NA,NA,NA,NA,11.2,74
33.7,65,25,36.4,23.8,11.9,75.8
28.9,69.1,21.8,24.6,28.4,9.1,76.4
40.5,78,30.6,32.5,36.8,9.4,74.2
NA,NA,NA,NA,NA,NA,74.6
NA,NA,NA,NA,NA,NA,75.5
NA,NA,NA,NA,NA,8.5,74.2
NA,NA,NA,NA,NA,NA,74.2
NA,NA,24.7,33.8,30.7,8.5,75.5
34.5,74.1,21.3,27.8,27.6,8.1,75.5
30.5,NA,32.7,NA,25.9,11.8,73.1
NA,NA,NA,NA,NA,7.2,75
26,NA,26.3,36.9,26.5,8.7,76.1
NA,NA,NA,NA,NA,10.9,74.2
17.8,67.2,15.2,20.2,17.2,5.6,78.8
22.6,71.6,24,27.5,29.1,7.1,75.8
40.9,65.7,29,32,28.3,12.1,75.5
32.6,71.2,25.3,34.7,25.4,12.4,76.3
29.9,NA,NA,24.4,NA,5.6,75.1
19.3,NA,NA,NA,NA,6,73.9
NA,88.4,NA,NA,25,6.5,73.9
NA,NA,NA,NA,NA,NA,74
28.2,NA,NA,NA,26.6,12.4,72.7
33.9,74.4,21.4,36.7,22.6,9.5,75.4
NA,NA,NA,NA,NA,NA,73.4
28.5,71.8,28.7,34.4,24.9,7.5,76.9
27.9,69.6,23.4,27,22.4,7.5,74.8
NA,NA,10.7,NA,NA,15.3,73.5
30.3,NA,19.4,25.6,NA,6.3,74.6
NA,NA,NA,NA,NA,4.4,73.8
37.1,NA,24.9,32.8,32.3,7.3,75
33.1,76.5,29.4,38.9,32.8,9.9,73
NA,NA,NA,NA,NA,11.8,74.9
NA,NA,NA,NA,NA,9.1,73.4
35.8,78.4,24.6,37.1,36.3,5.1,75.9
38.2,77.4,28.6,36.6,34.9,7.3,73.4
36.3,NA,NA,29.9,27.1,8.7,75.4
NA,NA,16.4,NA,NA,4.4,74.2
43.2,71.1,29.3,33.2,27.3,10.6,74.2
NA,NA,NA,NA,NA,10.3,74
NA,NA,NA,NA,NA,9.5,73.5
41.6,71.4,25.9,32.3,26.6,13.3,74.9
27.3,67.4,25.2,27,22,8.6,75.4
NA,NA,NA,NA,NA,NA,74.2
NA,NA,NA,NA,20.5,12.9,73.9
34.7,NA,NA,NA,31.8,10,73.8
42.1,70.3,18.3,27,24.6,10.1,75.6
NA,NA,NA,NA,18.6,9.1,73.9
NA,NA,18.5,24.7,26.7,3.5,73.5
39.2,NA,34.4,28.5,22.9,10.6,74
NA,NA,NA,NA,NA,NA,74.2
NA,NA,NA,NA,NA,9.7,74.4
NA,NA,NA,NA,NA,NA,74
NA,NA,14.2,NA,NA,11.1,74.4
NA,NA,NA,NA,NA,NA,74
39.2,NA,25.2,28.9,38.5,11.2,75.5
NA,NA,NA,NA,NA,NA,75.5
25.6,69.3,22.4,25.7,23.5,9,76
NA,NA,NA,NA,NA,NA,73.9
38.5,NA,NA,NA,NA,7.1,72.4
37.3,71.4,32.7,34.9,34.7,13.3,74.8
28.5,63.3,28.2,31,28.5,8.7,76.4
32.7,74.2,24.5,34.5,25.6,8.8,75.2
NA,NA,NA,NA,NA,NA,77
NA,NA,NA,NA,NA,NA,75.3
NA,NA,NA,NA,NA,NA,76.9
NA,NA,NA,NA,NA,NA,75.4
NA,NA,NA,NA,NA,NA,77.9
NA,NA,NA,NA,NA,NA,77.3
27.8,76.2,22.5,25.1,20,6.6,76.3
NA,NA,NA,NA,NA,NA,77
NA,NA,NA,NA,NA,NA,76.8
NA,NA,NA,NA,NA,NA,75
NA,NA,NA,NA,NA,NA,76
22.2,80.1,23.3,17.3,17.3,4.6,78.3
NA,NA,NA,NA,NA,NA,76.3
NA,NA,NA,NA,NA,NA,75.4
NA,NA,NA,NA,NA,NA,75.4
NA,NA,NA,NA,NA,NA,75.2
NA,NA,NA,NA,NA,NA,77.7
NA,NA,NA,NA,NA,15.3,75
28.4,79.4,29.5,NA,23.7,9.3,75.4
NA,NA,NA,NA,NA,NA,76.8
24.4,74.8,23.9,21.8,25.5,6.1,75.5
NA,NA,NA,NA,NA,11.5,76.5
24.4,77.4,23.6,19.3,18.7,8.1,78.3
NA,NA,NA,NA,15.3,6.2,77
NA,NA,NA,NA,NA,NA,74
NA,NA,NA,NA,NA,5.4,74.5
NA,NA,NA,NA,NA,7.6,77
NA,NA,NA,NA,NA,NA,77
NA,NA,NA,NA,NA,NA,76.3
NA,NA,NA,NA,NA,NA,77
19.5,81.1,15.2,22,15,4.1,78.9
NA,NA,NA,NA,NA,NA,75.7
NA,88.3,NA,NA,12.5,8.1,77
NA,NA,NA,NA,NA,NA,74.4
NA,NA,NA,NA,NA,NA,75.4
NA,NA,NA,NA,NA,NA,77
24.9,79,28.6,28.4,27.4,9.3,75.4
NA,NA,NA,NA,NA,NA,75.4
NA,NA,18.5,NA,16,5.8,78.8
NA,NA,NA,NA,NA,NA,76.2
NA,NA,NA,NA,NA,NA,76.3
NA,NA,NA,NA,NA,NA,76.4
NA,NA,NA,NA,NA,5.2,76
NA,NA,NA,NA,NA,NA,76.5
28,71.3,23.7,NA,29.2,7.1,75.4
27.9,77,24.1,28.9,25.2,9.3,74.4
NA,NA,NA,NA,NA,NA,74.9
25,NA,23.6,NA,24,11.1,78.1
NA,NA,NA,NA,NA,6.8,77.3
NA,NA,NA,NA,NA,NA,76.3
NA,NA,NA,NA,NA,NA,75.2
NA,NA,NA,NA,NA,NA,75.9
NA,NA,NA,NA,NA,NA,75.2
NA,NA,24.5,NA,19.3,9.5,73.9
NA,NA,NA,NA,NA,NA,78.1
29.6,81.3,NA,NA,27.9,10.1,72
26.5,74.7,22.6,22.2,18.8,5.9,76.3
38.5,NA,31,NA,24,5.4,74.7
NA,NA,NA,NA,NA,NA,77.3
NA,NA,NA,NA,NA,NA,77
19.7,78.8,26.1,19.4,17.4,7,78.7
NA,NA,NA,NA,NA,NA,75.9
32.2,75.6,25.4,NA,22.6,9.9,74.5
33.6,78,31.1,18.7,15.7,7.1,80.2
22.3,NA,NA,NA,16.6,8.5,75
NA,NA,NA,NA,NA,1.1,76.6
NA,NA,NA,NA,NA,4.3,77
NA,NA,29.4,NA,NA,12,75.9
23.5,NA,22.4,NA,22.9,11.1,75
NA,77.7,NA,NA,NA,6.3,73.3
NA,NA,NA,NA,NA,3.6,74.5
NA,NA,NA,NA,NA,NA,77.9
20.7,NA,NA,NA,NA,8.8,75.1
NA,NA,NA,NA,NA,15.9,76
NA,NA,NA,NA,NA,NA,76.2
NA,NA,NA,NA,NA,NA,75
NA,NA,NA,NA,NA,2.6,76.6
NA,NA,NA,NA,NA,11.9,75.6
NA,NA,NA,NA,NA,8.1,74.6
NA,NA,NA,NA,NA,NA,77.9
35.7,75.3,30.3,35.5,20.5,11.1,74.8
NA,NA,NA,NA,NA,NA,77.7
NA,NA,NA,NA,NA,8.5,76.1
27.5,78.1,25.7,28.1,25,9.1,75.5
NA,NA,NA,NA,NA,NA,76.2
NA,NA,NA,NA,NA,NA,77.1
NA,79.3,16.2,NA,30.1,9.4,74.4
NA,NA,NA,NA,9.4,4.2,78.1
NA,NA,NA,NA,NA,11.2,76.6
NA,NA,NA,NA,NA,NA,78.5
NA,NA,NA,NA,NA,NA,75.4
27.6,NA,16.4,NA,20.5,4.1,78.3
NA,NA,NA,NA,NA,NA,78.8
NA,NA,NA,NA,NA,NA,77
NA,NA,NA,NA,NA,NA,76.8
NA,NA,NA,NA,NA,NA,76.7
NA,NA,NA,NA,NA,NA,77
38.4,NA,28.6,NA,28.6,9.9,74.7
NA,NA,NA,NA,NA,NA,76.5
27.3,76.4,25.3,20,31,7.9,76.7
NA,NA,NA,NA,NA,NA,76
NA,NA,NA,NA,NA,NA,75.4
NA,NA,NA,NA,NA,9,76.3
NA,NA,NA,NA,NA,10.2,76.6
NA,NA,NA,NA,NA,NA,74.4
NA,NA,NA,NA,NA,6,72.6
NA,NA,NA,NA,NA,14.4,74
NA,NA,NA,NA,NA,NA,75.9
NA,NA,NA,NA,NA,NA,77.1
NA,NA,10.8,NA,NA,NA,77.8
26.1,77.9,30.6,25.5,19.5,9.1,76.9
NA,NA,NA,NA,NA,NA,75.5
26.7,75.6,25.5,32.1,24.7,8.4,76
NA,NA,NA,NA,NA,NA,75.4
NA,NA,NA,NA,NA,NA,75.4
26,72.9,26.2,29.2,22.2,7.2,75.8
NA,NA,NA,NA,NA,NA,77.1
NA,NA,NA,NA,NA,NA,74.9
NA,NA,NA,NA,NA,NA,73.5
NA,NA,NA,NA,NA,NA,77
NA,NA,NA,NA,NA,NA,75.4
NA,NA,NA,NA,NA,NA,77.8
NA,NA,NA,NA,21.5,9.4,74.4
NA,NA,NA,NA,NA,11.2,78.1
NA,NA,NA,NA,NA,13.1,77.3
NA,NA,NA,NA,NA,NA,75.4
25.2,NA,23.2,19.1,20.5,6.2,77.1
NA,NA,NA,NA,NA,10,75.7
NA,NA,NA,NA,NA,NA,76
NA,NA,NA,NA,NA,NA,76.2
NA,NA,NA,NA,NA,NA,75
23.1,78.3,24.9,22.3,17.1,7.4,75.9
NA,NA,NA,NA,NA,NA,77
NA,NA,NA,NA,NA,NA,77.3
NA,NA,NA,NA,NA,NA,73.5
NA,NA,NA,NA,NA,NA,76.3
34.5,81.9,27.8,NA,25.6,9.8,75.2
NA,NA,NA,NA,NA,9.3,74.6
NA,NA,NA,NA,NA,NA,74.6
NA,NA,NA,NA,NA,NA,76
28.6,76.8,30.9,28.6,23.8,9.4,76.3
NA,NA,NA,NA,NA,NA,75.9
NA,NA,NA,NA,NA,NA,77.3
NA,NA,NA,NA,NA,NA,75.2
26.3,76.4,31.6,NA,32.3,10,73.7
NA,NA,NA,NA,NA,9.3,73.7
NA,NA,NA,NA,NA,13.7,76.3
26.5,70.8,23.8,18.7,22.5,7.5,76.1
NA,NA,NA,NA,NA,NA,76.8
NA,NA,NA,NA,NA,NA,76.8
NA,88.4,25.4,NA,26.3,9,73.8
30.6,82,17.8,24,26.7,8.3,72.9
NA,NA,NA,NA,NA,NA,77.9
NA,NA,NA,NA,NA,NA,75.1
32.5,79.5,24.8,NA,28.5,5.8,74.8
23.7,79.4,30.7,27.1,22.7,7.8,78.8
NA,NA,NA,NA,NA,NA,76.9
NA,NA,NA,NA,NA,NA,76.8
NA,NA,NA,NA,NA,NA,74.7
NA,NA,NA,NA,NA,NA,77.9
NA,NA,NA,NA,NA,NA,75.2
NA,NA,NA,NA,NA,NA,75.9
NA,NA,NA,NA,NA,NA,74
NA,NA,NA,NA,10.5,3.5,77.5
NA,NA,NA,NA,NA,NA,76
25.2,76.4,32,25.3,22.8,3.8,76.1
NA,NA,NA,NA,NA,NA,75.5
NA,NA,27.3,NA,19.2,4.7,75.2
NA,NA,NA,NA,NA,NA,73.1
NA,NA,NA,NA,NA,NA,75.2
NA,NA,NA,NA,NA,NA,75.2
29.1,NA,28.9,NA,20.1,10.4,75.5
NA,NA,NA,NA,NA,NA,77.8
NA,NA,NA,NA,NA,NA,76.9
NA,NA,NA,NA,NA,NA,76.2
NA,NA,NA,NA,NA,NA,76.2
NA,NA,NA,NA,NA,9.2,73.1
20.4,77.1,19.1,25.6,16.1,3.5,78.5
NA,NA,NA,NA,NA,NA,77.3
33.2,78,28.1,27.7,21,9.6,76
NA,NA,NA,NA,NA,NA,75.2
NA,NA,NA,NA,NA,NA,79.6
NA,NA,NA,NA,NA,NA,75
NA,NA,NA,NA,NA,NA,76.2
NA,NA,NA,NA,NA,NA,77
NA,NA,NA,NA,NA,NA,76.9
NA,NA,NA,NA,NA,NA,76.3
24.9,77.2,22.6,25.2,21.2,6.9,76.3
NA,NA,NA,NA,NA,NA,76.8
22.8,79.5,27,30.8,23,9.9,76
NA,NA,NA,NA,NA,NA,76.9
NA,NA,NA,NA,NA,NA,76.8
NA,NA,NA,NA,NA,NA,75.6
NA,NA,NA,NA,NA,NA,75.7
25.1,80.1,19.8,NA,19.2,4.9,76.2
19.2,73.1,18.7,16.3,19.6,5.8,78.2
NA,NA,NA,NA,NA,NA,75.2
NA,NA,12.1,NA,16.5,2.1,73.8
NA,NA,NA,NA,NA,11.1,74.4
NA,NA,NA,NA,NA,NA,76.3
NA,NA,NA,NA,NA,NA,75.3
NA,NA,NA,NA,NA,NA,76.8
NA,NA,NA,NA,14.8,15.7,76.9
26.6,NA,20,NA,24.3,5.7,75.1
30.9,NA,30.3,NA,28.7,11.4,76.7
23.7,NA,24.4,NA,22,8.2,74.9
NA,NA,NA,NA,NA,NA,75.7
NA,NA,NA,NA,NA,NA,75.3
NA,NA,NA,NA,NA,3.5,76.6
29.9,78.1,23.8,14.1,24.3,6.8,78.5
NA,NA,NA,NA,NA,NA,78.5
NA,NA,NA,NA,15.6,11.8,76.8
NA,NA,NA,NA,NA,NA,75.2
28.8,84.3,26.7,28.9,20.6,7.7,75.1
NA,NA,NA,NA,NA,NA,75.6
NA,NA,NA,NA,NA,NA,78.5
22.3,75.8,22.3,19.1,19.9,5.1,79.7
21.1,NA,NA,NA,19.3,5.8,77.8
NA,NA,NA,NA,NA,NA,75.5
26.6,NA,28,NA,23.4,8.3,75.2
26.3,81.4,24.8,NA,26.9,9.2,75.3
22.2,NA,NA,NA,24.3,14.3,75.5
NA,NA,NA,NA,NA,NA,76.8
NA,NA,NA,NA,NA,NA,75.8
NA,NA,NA,NA,NA,NA,77.7
NA,NA,NA,NA,NA,NA,75.4
NA,NA,NA,NA,NA,NA,76.6
28.9,NA,20.7,NA,NA,6.7,77
NA,NA,NA,NA,NA,5.5,76.4
17,NA,NA,NA,9.7,9.3,76.6
NA,NA,NA,NA,NA,5.1,76.2
38.4,80.9,35.7,NA,26.2,8.9,75
39.2,80.2,32,23.2,13.9,10.2,80.1
NA,NA,NA,NA,NA,NA,73.5
NA,NA,NA,NA,NA,NA,76
30.3,85.2,NA,NA,NA,11.2,73.5
NA,NA,NA,NA,NA,NA,76.8
NA,NA,NA,NA,NA,NA,75.7
19,NA,19.8,NA,NA,3,75
NA,NA,NA,NA,NA,NA,75.2
NA,NA,NA,NA,NA,NA,75
NA,NA,NA,NA,NA,NA,76.5
NA,NA,NA,NA,NA,16,75.2
NA,NA,NA,NA,NA,NA,76
NA,NA,NA,NA,NA,NA,75.4
17.1,79.7,20.7,20.5,15,3.3,79.7
NA,NA,NA,NA,NA,NA,75.2
NA,NA,NA,NA,NA,7.5,76.3
26,84,25.4,NA,23.2,8.4,78.8
NA,NA,NA,NA,NA,NA,76
NA,NA,NA,NA,NA,NA,75.4
NA,NA,NA,NA,NA,6.4,76.3
18.3,91.4,21.8,NA,NA,9.8,76.7
NA,NA,NA,NA,NA,NA,75.8
14.8,80.2,19.7,18,9.7,4.9,79.4
24.9,85.8,24.5,27.4,19.6,5.8,76.3
21.5,81.6,23.6,21.7,19.6,5.2,77.6
NA,NA,16.8,NA,NA,4.8,77.8
19.9,72.3,17.6,23.9,22.9,7.1,77.6
26.5,NA,17.1,NA,13.2,3.5,76.9
18.3,79.8,17.8,27.9,15.3,5.8,79.4
22.6,88.3,24.8,NA,17.5,5.4,76.9
14.2,NA,NA,NA,18.8,5.1,77.8
26.5,84.7,22.9,27.1,12.3,6,76.9
11.4,NA,NA,NA,10.2,3.3,80.8
NA,NA,NA,NA,NA,NA,77.6
NA,NA,NA,NA,NA,NA,80.6
17.3,78.6,20.1,20.2,13.6,5.2,78.1
22.1,81.5,19.3,23.4,8.3,5.7,77.8
18.7,81.2,19.4,22.9,10.7,6.1,77.9
19.3,86.7,26,27.6,10.7,4.7,78.4
24.4,86.4,20.4,23.7,15.5,4.1,77.9
12.9,73.9,10.2,14.3,8.7,2.4,80.8
22.4,81.9,25.2,26.5,16.9,7.6,77
24.7,81.5,24.5,20.1,20.1,7.1,76.3
16.1,79.3,18.5,15.7,6.3,4.7,79
17,75.9,18.1,22.9,9.3,3.5,79
17.3,75.3,19.3,21.7,9.9,5.4,80.7
NA,NA,14.4,NA,7.4,4.9,77.6
20.1,81.3,21.8,20,14.6,5.7,77.6
16.5,77.2,18.4,15.8,6.2,5,80.6
26.3,84.2,22.1,29.1,19.4,6.6,79
NA,NA,NA,NA,NA,NA,76.3
25.8,79.4,23.8,24.9,16.1,10.9,76.8
24.1,76.1,22.6,23.4,24,6.3,76.9
18.4,69.2,21.3,26.9,15.3,4.2,78.7
18.3,64.1,20,21.2,19.7,5.8,78
21.4,69,19.9,23.2,20.6,5.5,78.6
24.6,72.4,21.5,26.2,22.9,7.5,77
18.6,68.8,19.7,24.8,19.5,5.8,78.6
21.4,74.2,21.6,24.1,22.8,6.3,77.3
18.5,69.7,19.3,22,20.9,6,78
18.7,66.5,18.6,23.6,19.9,4.8,78
18.7,68.3,18.4,22.9,19.5,5.1,79
21.4,71.4,19.2,25.7,19.5,6.9,77.9
21.8,73.2,21.1,25.4,21.4,6,77.3
14.9,66.3,15.8,20,17.1,4.2,78.7
26,73.9,22.1,19.8,26.2,7.3,77
26.5,NA,29.2,NA,30.1,5.8,75.7
33.4,80.7,27.6,37,22.6,6.6,72.6
33.2,NA,28.2,NA,NA,12.3,75.2
45.2,79.6,28.9,NA,20.9,8.8,69.8
30.8,81,23.5,NA,NA,2.9,75
NA,NA,NA,NA,16.3,8.1,76.2
NA,NA,NA,NA,9.3,5.4,75.7
39.4,81.8,29.9,NA,35.3,10.9,73.2
11.5,76.4,17.5,14.6,13.4,2.7,79.1
28.1,NA,NA,NA,NA,8.7,75.8
NA,NA,NA,NA,NA,15.9,74.8
NA,NA,NA,NA,NA,6.9,77.3
NA,NA,NA,NA,NA,6.5,76.6
32.6,84.4,26.4,27.3,24.3,7.4,74
NA,NA,NA,NA,NA,NA,76.2
NA,NA,NA,NA,NA,7.7,75.9
42.5,79.9,29.7,NA,42.6,12.4,72.4
16.9,77,23.6,17.1,17.9,4.6,77.8
NA,NA,NA,NA,NA,4.5,75.9
21.2,NA,NA,NA,NA,5.8,76.9
NA,NA,22.8,NA,21,9.9,74.9
NA,NA,NA,NA,NA,14.4,75.7
NA,NA,NA,NA,NA,10.2,73.7
30.1,NA,24.5,NA,26.4,5.1,76
23.1,NA,21.4,22.4,NA,7.3,76.8
12.2,66.6,13.6,17.1,15.4,5.2,80.1
30.2,74.5,24.8,32.4,21.9,7.9,74.5
NA,NA,13.7,NA,21.4,8.9,76.5
32,80.1,30.9,32.2,27.3,10.6,75.9
NA,NA,NA,NA,NA,5.8,76.7
27.6,NA,21.1,NA,NA,5.3,75.3
17.2,NA,19.8,22.4,22.5,6,77.5
21.9,71.8,23.5,24,20.6,7.3,77.4
40.2,80.4,31.9,34.9,32.5,8.3,75.2
NA,NA,NA,NA,NA,NA,77.5
NA,NA,26,26.5,14.8,10.5,75.7
23.5,74.2,27.5,24.4,21.2,5,77.4
23.2,81.2,28.4,29.8,26.6,6.5,76.1
20.3,70.3,19.2,30.9,13.2,9.4,78
NA,NA,21.3,NA,NA,8.9,76.3
26.5,72.1,20.9,24.2,21.5,4.1,79.1
29.9,76.9,29.8,36.3,28.6,7.7,74.1
34.3,NA,28.2,35.7,29.2,9,75.3
NA,NA,NA,NA,19.7,8.5,77.2
31.2,NA,22.8,NA,NA,6.1,75
NA,NA,NA,NA,NA,10,74.4
22.7,73.7,21.3,21.8,21.8,6.3,76.6
21.9,78.7,23.3,23.3,19.2,4.8,78.1
NA,NA,NA,NA,NA,NA,77.4
NA,NA,25.8,NA,17.8,7.2,72.9
NA,NA,NA,NA,NA,NA,76
NA,NA,NA,NA,NA,NA,73.3
30.9,79.2,25.9,34.5,26.3,8.9,74.7
28.1,NA,25.2,19.6,32,10.1,75.8
30.2,77.8,24.1,27.7,24.1,8.9,75.8
NA,NA,NA,NA,NA,8.5,75.1
32.8,79.5,31.4,34.2,28.3,14.6,73.4
35.2,NA,25.2,18.3,32.4,7.7,75.3
17.4,NA,16.7,21.4,10.9,6.2,78.5
22,75.2,27.6,26.6,24.3,9.8,77.5
23.6,76.1,22.3,28.9,21,6.7,74.8
33.3,76.2,26,28.5,21.3,12.7,74.9
30.9,83.9,25.2,NA,23.7,8.5,73.3
NA,NA,NA,NA,NA,NA,74.7
40.3,83.6,24.3,NA,34.2,6.5,75
28.5,NA,27.1,27.8,15.1,7.7,77.8
35.6,78.1,32.4,NA,25.8,11.8,71.7
NA,NA,NA,NA,19.6,19.1,73.7
23.7,77.9,24.2,24.1,23.5,7.5,76.4
NA,78.6,32.8,32.7,22.2,8.2,72.8
34.4,91.5,20.7,NA,28.4,10.2,74.5
23.8,NA,NA,NA,NA,12.8,75.3
28.6,87.8,NA,NA,23.5,12.4,76.5
27.1,NA,30.8,27.8,25,9.2,76.7
28,75.8,26.4,32.1,20.5,7.1,75.6
NA,NA,NA,20.5,NA,2.3,74.6
42.4,79.1,25.1,19.3,26.1,8.2,74
NA,NA,NA,NA,NA,10.6,77.3
35.2,76.5,23.7,NA,26.1,6.7,74.6
NA,NA,NA,NA,NA,NA,76.9
NA,NA,NA,NA,17.7,9.2,74.8
29.4,76.7,21.6,NA,22.8,9,76.5
30,80.3,27,28.4,25.8,9.1,73.6
18.3,64.9,16.5,24.2,17.1,4.4,78.1
NA,NA,NA,NA,NA,3.5,73.3
19.3,72,24.8,25.5,18.1,5.5,77.5
35.4,76.4,29.6,NA,28.8,8.2,76.4
NA,NA,NA,NA,NA,NA,79.1
21.9,77.6,18.6,24.6,21.4,5.5,76.7
NA,NA,NA,NA,NA,NA,75.7
30.2,80.5,24.1,25.4,24.2,8.7,75.1
30.4,79.4,24.2,29.6,20.8,8.3,76.1
NA,NA,NA,NA,NA,NA,72.9
15.2,NA,15,NA,NA,3.8,77.1
31.6,81,25.5,21,27.9,8.9,74.7
18.6,67.6,15.9,18.4,18.6,7.6,78.1
NA,NA,NA,NA,NA,NA,77.5
25.3,NA,NA,NA,NA,6.9,74.1
NA,NA,NA,NA,NA,13.7,75.8
NA,NA,NA,NA,NA,NA,76.3
34.8,83.5,33.4,32.2,32.5,11.6,75.8
18.6,NA,11.7,21.2,14.2,6.8,78.1
21,78.5,22.7,22.1,22.1,5.5,75.9
NA,NA,NA,NA,NA,9.9,77.5
NA,NA,NA,NA,NA,NA,74.6
NA,NA,NA,NA,NA,NA,76.1
36.8,75,29.3,31.1,26.6,13.8,72.7
NA,NA,NA,NA,NA,NA,73.3
14.6,71.5,15.1,19.4,14.7,3.6,80.9
NA,NA,NA,NA,NA,11.8,76.1
28.7,75.7,21,NA,28.5,5.1,76.9
NA,NA,NA,NA,NA,NA,80.9
NA,NA,NA,NA,NA,NA,80.1
22.2,67.8,22.2,32.6,21.4,7.5,77.5
NA,NA,NA,NA,NA,10.9,74.4
15,NA,24,16.3,NA,3.7,76.6
NA,NA,20,NA,NA,11.9,76.5
NA,NA,NA,NA,NA,6.1,75.1
24.5,75.6,23.8,24.6,21.5,6.9,75.6
15.3,NA,16.6,NA,9.4,3.4,77.1
20.5,NA,14.7,NA,11.1,1.9,76.8
31.6,NA,25.8,NA,31.2,9.9,73.1
NA,NA,NA,NA,NA,NA,76.3
20.9,83.5,29.2,25,31.2,7.5,76.7
19.7,73.4,24,28.3,27.6,9.2,75
13.2,NA,16.6,19.7,21.3,10.3,77.4
NA,NA,NA,NA,NA,NA,77.4
NA,NA,NA,NA,NA,2.8,74.6
19.4,70.9,21.2,20.7,23.5,8.6,77.7
21.5,75.4,26,24.7,28.5,8.5,74.7
23,75.1,24.9,26.5,21,6.6,73.3
NA,NA,NA,NA,22.1,17.3,75.7
NA,NA,NA,NA,NA,NA,73.4
31.8,80.2,37.4,31.6,26,9.7,69.6
NA,NA,NA,NA,NA,NA,78.5
28.6,NA,21.5,29.6,22.6,6.6,76.6
31,78,30.7,27.1,22.4,12,72.8
NA,NA,NA,NA,NA,8.7,75.2
NA,NA,20.2,NA,NA,6.5,75.8
26,69.6,24.8,26.6,26,8.2,71.1
30.1,77.8,21,28.1,29.4,8.7,73.6
25.6,NA,23.7,19.7,NA,6.9,78
NA,NA,NA,NA,NA,5.5,75.1
20.7,NA,NA,NA,NA,8.4,76.7
NA,NA,NA,NA,NA,6.5,77.3
NA,87.7,NA,NA,NA,7.5,76.7
33.5,NA,21.9,NA,27.4,15.6,73.9
25.8,80.4,26.1,27,17.7,6.9,74.2
19.8,75.3,19.5,20.6,21.5,5.1,77.8
NA,NA,NA,NA,NA,6.6,73.3
NA,NA,NA,NA,NA,10,77.4
NA,NA,NA,NA,NA,NA,79.9
31.8,77.7,32,42.4,21.5,11.7,74.2
21.4,NA,NA,NA,22.1,3.1,75.2
18,72.8,21.7,23.1,25.1,5.8,77.4
22.2,72.1,22.7,24,17,5.7,76.9
29.7,83.9,22.6,27.3,29.1,8.9,74.6
NA,NA,NA,NA,NA,NA,77.4
22.5,77.8,28.1,22.4,17.4,6.3,76
12.1,NA,18.6,22.5,15.1,3,79.9
NA,NA,NA,NA,NA,NA,76.2
NA,NA,NA,NA,NA,12.2,75.1
27.4,NA,NA,NA,27.4,15.5,76.7
30,75,20.8,27.3,16.2,6.3,75.5
35.1,79.3,30.7,NA,29.2,7.8,73.4
39.1,76.8,29.7,NA,34.6,10.2,75
29.4,72.7,25.1,34.5,21.9,8.6,76.4
NA,NA,26.8,NA,25.2,11.3,73.3
27.5,84.6,23.8,NA,23.2,9.2,74.3
29.9,87.2,26.5,32.7,32.2,4.9,75.2
16.4,76.2,24.8,24.1,20.2,5.9,78
NA,NA,NA,NA,10.8,3,77.7
19.5,73.4,29.4,28,23.4,8,76.4
19.3,79.6,20.1,24.5,21.2,5.1,79.6
24.1,NA,19.6,NA,NA,11.2,76.4
23.2,NA,34.5,22.1,17.3,15.4,77.3
29.9,77.7,29.1,27.3,25.1,6.2,75.3
22.8,81.7,21.8,17.9,15,4.8,77.3
NA,87.2,NA,NA,NA,NA,77.7
23.2,79.7,26,30.2,19.4,7.2,77.7
22.6,80.9,29.1,33.8,26.6,11.3,74.9
13.5,69.4,22.9,21.6,21,5.2,80.3
12.2,70.7,16.8,29.8,17.8,6.1,79.5
14.1,73.8,16.8,21.2,16,5.2,79.2
14.7,72.9,24.6,25.2,21.1,7.5,77.9
12.6,72.7,19.6,19.3,16.6,5.8,78.8
23.4,79.1,27.2,NA,19.9,5.7,77.3
25.6,78.2,24.4,34.2,24.6,13,77.7
27.5,82.6,21.1,27.5,27.5,5.8,74.6
21.6,77.5,27.2,24.2,23,5.6,76.3
24.2,NA,22,27.2,24.5,4.5,77.7
22.6,75,26,33.9,25.6,10.1,76.4
24,69.1,19.8,22.4,22,7.7,76.4
22.7,74.3,34.9,39.2,27.4,8,76.5
23.7,86.5,21.3,32.2,23.1,8.8,77.1
17.7,77.1,23.9,24.7,22.5,7.2,77
8.4,NA,10.9,19.3,15.7,5.3,80.3
15.2,75.3,23.3,28.2,19,6.6,78.2
19.8,81.3,19.7,20.2,19.1,4.1,77.3
18.8,78.9,22.9,23.8,19.4,6.7,78.8
29.1,83,30,33.6,25,11.5,71.1
17.1,78.8,22.2,23,21.7,5.5,78.4
18.4,76.3,21.4,24.3,22.3,6.5,77.7
25.1,74.8,26.6,33.3,27.6,6.9,77.1
14.6,73.8,23.7,25.9,21.1,6.3,78.3
21.1,NA,21.8,NA,17.7,7.7,76.5
15.8,79.7,18.9,26.9,14.8,6.7,78.8
15.3,74,18,26.3,17.9,4.6,79.1
13,75.5,15.8,15.6,14.7,4.3,80.1
23.8,79.1,26.2,27,20.1,7.9,77.2
21.4,77.7,21.1,27.6,18.7,6.2,78.9
35.8,79.1,30.2,NA,32.8,9.6,73.2
21,73,22.4,27.8,20.4,6.3,78.1
NA,NA,NA,NA,14.8,14.7,73.6
35,88.8,30.2,28.9,29.7,7.7,72.6
36.9,NA,42.6,NA,28,15.4,75.3
26.2,77.1,29.7,NA,27.5,9.1,75.5
NA,NA,NA,NA,21.8,4.7,75.2
25.9,77.7,25,32.6,26.3,9.8,76
38.2,85.1,26.9,40.2,35.3,10.5,72.9
22.5,80.9,25.9,30.4,23.8,9.8,74.5
31.3,NA,23,NA,37.2,6.8,75.2
NA,90.4,28.2,NA,28.1,9.2,74.4
NA,NA,NA,NA,19.4,8,75.1
32.2,79,30.4,31.9,28.1,10.5,73.7
32.1,79.7,30.6,NA,24.8,12.2,74.9
NA,NA,27.5,NA,21.5,10.3,74.4
NA,NA,NA,NA,NA,7.6,74.4
29.4,76.2,24.8,NA,20.9,10.3,77
33.1,78.6,28.6,34.5,27,11.4,75.4
21.1,71.4,27.1,31.2,21.6,9.5,76.1
28.6,84.8,26.4,20.8,28.9,7.8,76.3
22.7,78.7,28.8,NA,28.5,5.8,76.1
27,80.6,26.6,32.4,27,9.5,74.9
28.9,79.2,27.8,30.4,29.8,8.4,76.1
22.5,76.1,27,28.8,29.5,10.4,75.5
26.9,77.4,27.5,33.2,25.7,10.3,74.8
30.8,81.9,28.5,25.1,30.4,8,75.1
28.3,80.3,21.6,NA,28.2,4.5,73.9
32.2,78.5,24.3,NA,29,10.1,74.4
30.5,85.2,32.4,28.6,38.9,11,72.6
34.3,82.9,38.7,41.7,31.9,12.5,71.2
39,80.6,31,44.9,31.5,15.5,70.4
28.4,76.9,25.7,31,23.9,6.5,76.3
24.3,81.6,22.7,28.7,30.3,9.5,76.3
29,77.9,31.1,29.7,30.4,12.1,74.4
29.3,78.8,23.1,35.7,26.1,12.6,74.2
24.3,82.3,27,32.5,26.9,6.1,75.2
42.7,85.9,35.4,41,35.3,12.8,71.5
37.3,84.2,32.2,41.9,31.8,13.4,73.3
24.4,78.6,23.6,22.9,19.8,4.8,77.3
18.3,76.9,24.2,23.1,19.4,7.9,77.2
31.5,82.7,24.2,NA,18.6,12.4,75.2
30.2,NA,24.4,NA,30.3,9,75.1
33.9,79.6,26.7,37.3,25.8,9.9,74.4
22.1,84.4,23.4,28.7,27.4,10.4,75.5
24.1,NA,18.8,NA,12.7,8.1,77
NA,NA,NA,NA,NA,6.9,75.1
23.7,NA,31.7,NA,20.6,12.1,75.3
25.9,79.3,29.6,27.9,26.2,7.7,75.5
25.9,83.5,23.7,32.8,23.2,9.5,76.2
32.5,NA,24.4,NA,23.8,11.1,75.3
28.7,85.3,27.4,17.5,31.7,4.7,75.7
30.4,80.7,26.1,36.8,26.3,11.4,74.8
32.5,73.5,26.5,36.4,28.4,8.2,75.4
28.6,81.4,24.3,NA,33.4,7.1,75.1
35.4,80.6,24.3,NA,37,14,75.2
33.5,NA,28.8,NA,30.4,9.2,75.2
30.9,75.3,26.6,NA,20.6,8.3,74.9
26.7,84.3,NA,NA,17.9,11.9,77
NA,NA,NA,NA,NA,18.7,75.5
28,82.7,26.2,25.8,29.7,10.7,75.8
32.6,83.4,31.1,38.6,27.7,9.1,75.4
32.8,82.3,28.7,26.7,29.6,11.2,75.7
25.9,81.4,27.6,NA,30.9,6.8,74.9
20.4,78.2,22.1,26.7,25.9,7.1,77.2
14.8,87.9,19.2,NA,17.1,4.8,78.5
23.3,79.5,24.4,19.5,26.4,7.5,77.1
26.4,NA,NA,NA,14.3,16.8,77.6
13.6,81.1,25.7,17.6,20.7,4.5,78.4
28.4,75.7,28.4,22.9,22.6,7.3,78.4
16.8,NA,25.8,NA,NA,3.5,76.3
23.9,80.9,24.8,31.4,20.5,7.1,77.6
18,79.6,21.7,23.8,25.4,5,78.5
18.8,NA,NA,NA,25.3,9.7,77.6
15.7,NA,NA,NA,14.1,3.2,78.1
24.8,85,22.6,NA,21.3,5.8,77.7
24.6,87.1,21.9,14.3,20.4,2.9,78
27.1,78.1,24.7,NA,23.7,7.3,77.7
17.7,78.3,23.3,26.9,21.4,5.2,78.1
NA,NA,16.6,NA,19,7,77
17.8,78.1,19.2,21.5,17.9,3.3,79.6
16.6,73.4,17.6,22.9,16.8,5.2,79.7
24.3,83.2,26.3,28.9,25.5,5.6,76.3
18.5,76.1,30.5,NA,18.9,9.3,77.5
19.4,83.4,23.3,24.2,19.7,8.7,79.1
17.2,NA,NA,NA,16.4,4.6,77
22.6,75.7,25.6,27.5,19.7,7.5,79.7
14.5,75.4,22.7,21.6,17,8.6,80.1
19.2,75.9,20.6,27,23,5.6,78.1
28.2,75.9,24.4,16.5,22.7,2.2,79.6
29.7,73.5,28,NA,24.1,6.6,77.1
25,76,22.3,33.3,28.3,8,74.8
23.3,82.2,23.6,23.4,23.8,5,77.5
NA,NA,NA,NA,NA,6.5,78.5
13.3,75.1,18.6,21,18.2,4.2,79.4
20.3,77.2,27.7,22.4,20.3,6,77.6
19.3,77.4,21.4,NA,22.5,6.3,78.7
19.4,85.7,25.8,24.1,28.1,8.2,76.7
23.4,NA,22.2,NA,24.2,2.3,79.7
13.1,73.7,21.8,22.3,21.6,4.6,80
NA,NA,NA,NA,NA,NA,77
19.2,80.1,25.4,31.3,20.1,7.5,78.6
25.1,NA,16.5,NA,21.6,5.4,77.3
35.8,88.3,31.6,NA,33.7,4,73.6
NA,NA,NA,NA,NA,9.2,77
26,83.4,30.3,31.8,26.6,9.1,78.1
20,81.7,23.2,18.6,20.6,6.2,78.7
NA,NA,20.7,NA,NA,6.1,77.5
23.9,NA,19.2,NA,16.9,5.7,78
NA,NA,NA,NA,NA,NA,77.3
19.2,85.1,26.2,NA,23.2,7.5,77.7
20.3,82,25.5,23.4,24.7,4.9,78.5
18.5,NA,25.7,NA,21.5,5.7,76.3
19.4,79.2,26.8,25.6,29.9,4.7,77.2
28.2,79,23.6,23.5,25.9,5.7,78.2
31.7,82.5,29.5,34.8,31.7,9.9,73.5
22.8,NA,27.2,NA,17.8,7.2,78.7
15.9,78.2,21.5,19.8,27,4.9,78.1
17.6,NA,14.4,NA,NA,5.7,78
27,83.1,NA,NA,26.7,9.9,76.8
20.5,83.4,24.9,NA,21.1,7.5,77.5
23.1,78.2,27.2,31.6,25.1,6.9,78.2
18.7,75.6,24.4,22.6,17.9,5.6,79.8
21.9,81,29.2,26.1,30.8,10.4,77
NA,86.2,NA,NA,NA,6.8,77.1
NA,NA,NA,NA,NA,NA,76.8
23.1,77.5,21.8,24.2,25.7,6.4,75.7
22.8,NA,18.8,NA,15,7.2,76.3
29.8,78.2,24.4,NA,26.2,10.3,74.7
21.3,72.2,27,25.6,35.5,7.4,76.7
21.5,83.2,28.4,NA,21,6.9,77.5
21.8,74.3,20.1,NA,25,4.9,78.1
14.6,80.6,23.5,21.6,19.2,5.4,78.8
14.3,69.9,17.1,27.1,16.5,3.5,79.9
NA,NA,NA,NA,NA,NA,78.1
18.2,85.3,20.3,14.7,18.8,10,79.1
18.4,77.7,23.7,NA,18.9,4.3,78.2
15.1,83.8,21.3,13.5,19,4.1,79.6
22.1,NA,NA,NA,NA,3.4,77.7
18.7,78.1,20.7,23.9,24.1,6.2,78.6
32.2,79.4,28.1,35.5,22.1,9.3,75.8
24.9,71.9,22.7,33.8,25.4,10.2,77
25.1,82.6,21.9,22.5,24.3,5.4,77.4
21.3,76.6,21.4,23,21.6,6.9,73.9
25.1,77.5,24,29.7,21,7.4,77.2
24.4,74.4,28.8,30.9,19.9,7.3,77.8
20.5,76.3,18.5,19.8,15.8,6,77.7
15,71.7,16.4,17.6,15.5,4.1,77.4
34.2,NA,26.1,NA,25.9,12.7,75
20.8,78.7,20.2,21.4,24.9,6.1,77.2
18.9,72.7,21.2,23.7,16.1,4.4,78.2
22.5,80.7,20.5,23.1,27.8,6.4,76.6
25.1,75.4,21.6,26.6,22.3,4.8,77.4
20.3,78.8,18.2,22.8,17.8,5.3,77.8
22.8,82.2,22.3,30.1,20.8,6.3,77.2
20.2,77.5,19.4,26.2,22.6,6.9,77
22.6,81.9,20.7,24.3,15.2,5,76.1
21.9,80.7,23.6,22.7,27.4,5.3,76.1
9.6,68.8,9,18.9,13.7,2.4,78.2
23.7,80.6,21,31.1,21.1,6.5,77.7
30.8,78.8,26.9,31.6,26,7.2,75.2
23.4,83.1,22.7,22.5,21.6,4.8,78.2
23.2,78.1,21.1,27.8,19.7,9.4,77.7
31.3,75.4,24.2,26.7,24.4,5.7,77.4
24.2,82,23.9,19.1,26.5,4.2,76.4
34.6,78,28.5,NA,24.5,13.5,74.9
24.6,80.6,25.2,31.6,25.6,6.2,77.4
41.3,85.6,31,NA,24.4,8.1,73.2
21.4,80.4,21.7,25,25.5,6.3,77.4
29.1,81.8,27.4,34,23.3,9.8,73.2
26.7,81,20.3,NA,29,8.6,75.7
NA,NA,NA,NA,NA,10.2,74.7
31.6,89.1,28.6,NA,37.8,5.9,74.6
NA,NA,NA,NA,NA,9.3,72.9
NA,NA,NA,NA,NA,9.3,74.4
22.3,77.4,21.5,25.4,21.4,5.8,78
25.9,NA,22.1,NA,33.7,6.7,74
34.5,80.3,29.5,NA,34.3,8.1,75.5
27.8,81.5,23.2,21.1,29.5,6.3,75
28.3,76.4,22.4,NA,31.5,4,75.7
30.3,76.4,23.1,26.1,28.4,8.3,76.5
34,80.5,31,27.5,28.1,9.7,75.2
42.5,81.6,29.3,33,28.5,7,71.6
NA,NA,NA,NA,NA,8.3,72.9
NA,82,14,NA,23.7,11.5,74.7
32.2,NA,NA,NA,26.4,1.9,72.6
31.4,77.9,23.7,30.4,25.1,6.7,76.9
NA,NA,NA,NA,NA,6.6,76.8
NA,NA,18.6,NA,NA,3.5,75.8
NA,NA,NA,NA,NA,NA,75.8
34.9,73.3,24.9,22.4,18.6,9.7,76.1
23.3,NA,21.3,NA,21.3,5.7,77.8
21.5,72.9,19.5,27.7,16.1,7,79.3
20.1,76.2,13.9,NA,11.4,8.3,77.9
NA,NA,NA,NA,NA,13.9,73.8
NA,NA,NA,NA,NA,NA,76.8
21,72.8,21.6,23.7,14.2,5.4,78.8
NA,NA,NA,NA,NA,NA,74.7
14.2,67.8,24,20.4,14.9,4.8,78.7
25.8,74.3,27.7,25.1,14.6,7.4,77.1
20.7,69.3,18.4,21.4,15.6,5.3,78.1
NA,NA,NA,NA,NA,NA,76.9
22.3,NA,23.8,20.4,20.1,8.5,75.5
NA,NA,NA,NA,6.6,13,77.5
NA,NA,NA,NA,NA,NA,78.3
30.4,76.3,26.5,27.5,21.4,9,75.7
23.1,NA,25.4,NA,12.6,4.6,76.6
NA,NA,NA,NA,19.2,6.2,75
NA,NA,NA,NA,NA,NA,77.1
27.3,71.6,21.3,24.2,16.7,6.7,78.1
25.8,NA,NA,NA,15.5,10.4,77.4
NA,NA,NA,NA,NA,NA,78.2
8.3,66,9.9,23,12,2.8,80.8
NA,NA,NA,NA,NA,NA,77.8
11.5,NA,NA,NA,NA,10.7,76.6
34.6,NA,28.7,20.6,19.8,7.5,76.6
NA,NA,NA,NA,NA,NA,77.1
NA,NA,NA,NA,NA,NA,78.3
30.4,72.2,24.4,20.7,17,4.7,79.4
19.1,NA,19.7,NA,12.2,6.1,78.6
17.4,NA,12.9,NA,8.5,8.3,79.2
18.5,74.3,17.7,20,14.4,4.2,79.7
NA,NA,11.2,NA,NA,5.4,78.2
11.3,68.6,17.3,21.1,15,5.7,79.5
NA,NA,NA,NA,NA,NA,77.8
28,72.2,23.4,24.9,16.3,6.8,77.3
18.4,73.3,20.8,25.3,17.2,6.4,77.2
NA,NA,NA,NA,6,NA,78.9
28.6,77.2,25.7,26.4,17.8,7.8,76
22.5,73.2,20.3,24.7,14.6,5.6,78.6
21.8,69.3,10.5,20.8,17.8,3.7,77.9
27.6,67.5,25,28.8,16.9,6.4,76.4
14.2,75.9,19.1,24.9,12.6,5.5,79.4
25.8,78.8,23.7,26.7,17,4.3,76.5
18.8,71,14.4,21.6,16.8,4.2,80.3
20.4,71.5,17.4,28.5,12.9,5.7,79.8
18.4,71.4,17.4,22.6,10.9,5.9,80.2
16.8,64.9,17.9,17.7,11.3,6.9,79.3
12.5,73.1,23.2,27.6,22.9,5.6,76.1
NA,NA,NA,NA,NA,NA,77.8
11.6,NA,NA,NA,NA,8.7,77.1
18.6,72,20.9,21.9,17.2,6.4,77.7
18.2,72.5,20.7,17.1,16.6,6.3,78.5
28.2,74.6,25.4,24.6,18.7,10,76.2
NA,NA,9,NA,NA,1.3,78.2
22.7,78.8,22.6,28.8,24.2,9,76.8
NA,NA,NA,NA,NA,7,78.5
NA,NA,NA,NA,17,NA,76.5
10.8,NA,10.9,16.3,16.9,0.7,78.5
NA,NA,NA,NA,NA,NA,76.5
NA,NA,NA,NA,NA,NA,74.8
NA,NA,NA,NA,NA,NA,80.8
NA,NA,NA,NA,NA,8.3,77.9
10.2,NA,7,11.4,17,0.6,81.3
16.9,76.6,9.1,NA,20.7,5.2,78.2
NA,NA,NA,NA,NA,NA,75.7
NA,NA,11.4,NA,NA,NA,77.9
24.5,78.4,22,20.3,17.7,4.8,78.5
NA,89.5,13.8,NA,NA,3.7,77.9
10.3,69.3,10.9,16.8,14.3,3.8,78.5
14.4,NA,21.5,15.9,17.4,3.3,78.5
21.4,71.2,14.3,NA,21.9,5,80.1
NA,NA,NA,NA,NA,NA,77.9
NA,NA,12.9,NA,NA,1,81.3
25,78.1,22.2,22,24.1,6.6,78.5
NA,NA,NA,NA,NA,NA,76.5
NA,NA,NA,NA,NA,NA,76.3
NA,NA,NA,NA,NA,NA,77.1
NA,NA,NA,NA,NA,NA,76.8
24.5,75.8,17.8,26.9,21.8,7.4,77.6
22.8,76.1,16.2,20.8,21.1,5.2,75.9
NA,NA,NA,NA,NA,NA,74.8
11.4,77.7,11.4,15.6,8.9,4,80.3
15,71.9,13.8,15.5,14.2,0.5,81.3
21.1,NA,9.8,12.4,19.3,2.1,80.3
19.3,83.9,18.2,19,17.5,5.5,76.5
17.1,78.1,18,18.9,20.2,4,78.2
20.9,79.3,15.1,23.5,25.6,4.8,76.4
8.7,70.2,11.6,20.4,20.1,5.5,78.1
NA,NA,NA,NA,NA,NA,81.3
NA,NA,9.9,NA,20.3,1.1,81.3
NA,NA,6.8,13.9,NA,1.1,80.8
NA,NA,NA,NA,NA,NA,80.8
NA,NA,NA,NA,NA,NA,76.3
NA,NA,NA,NA,NA,NA,81.3
13.9,74.9,14.2,20.8,20,4.1,78.5
17.6,77.1,17.2,19.9,19.9,5.1,79
NA,NA,NA,NA,NA,NA,77.9
NA,NA,NA,NA,NA,1.5,77.9
12.1,86.9,NA,NA,NA,1.9,80.1
12.1,67.8,8.7,16.5,20.9,1.4,79.7
13.6,75.8,12.8,18.4,20.7,3.5,79.7
NA,NA,20.5,NA,NA,11,76.3
NA,NA,NA,NA,NA,NA,77.1
25.7,81,25.3,22.6,31.6,6.2,77.9
17.9,76.8,18.3,24.1,20.4,3.9,77.5
NA,NA,NA,NA,NA,NA,80.8
NA,90.9,NA,NA,NA,3.9,80.8
NA,NA,12.1,NA,NA,7.6,78.5
16.1,84.4,17.8,NA,22.5,5.7,74.8
28.6,76.8,18,21.3,21.4,4.2,78.3
34.4,77.4,25.6,21.9,24.4,4.2,77.1
21.2,NA,26.7,NA,17.2,1.6,77.1
NA,NA,NA,NA,NA,NA,80.8
15.6,NA,15.9,NA,20.4,2.5,81.3
NA,NA,NA,NA,NA,NA,77.9
8.4,NA,4.2,7.2,14.2,2.1,80.1
NA,NA,NA,NA,14.1,9.3,75.7
NA,NA,NA,NA,NA,NA,75.7
20.3,72,19.3,25.3,21.3,6.6,78.8
17.8,73.3,18.7,20.2,18.7,4.2,78.7
24.9,71.2,23.5,29.8,24.2,7.4,76.8
20.6,70.3,16.3,24,16.4,5.1,79.2
21.1,70.6,19.2,25.2,18.3,6.3,77.8
19.4,69.2,17.7,23.7,18.2,5.8,78.8
18,73.5,18.8,25.2,18.3,5.2,79.2
25.4,70.5,21,25.4,20.1,7.3,78
